FIPS,State,County,# deaths due to COVID-19 during 2020,COVID-19 death rate,Life Expectancy,95% CI - Low,95% CI - High,Life Expectancy (AIAN),Life Expectancy (AIAN) 95% CI - Low,Life Expectancy (AIAN) 95% CI - High,Life Expectancy (Asian),Life Expectancy (Asian) 95% CI - Low,Life Expectancy (Asian) 95% CI - High,Life Expectancy (Black),Life Expectancy (Black) 95% CI - Low,Life Expectancy (Black) 95% CI - High,Life Expectancy (Hispanic),Life Expectancy (Hispanic) 95% CI - Low,Life Expectancy (Hispanic) 95% CI - High,Life Expectancy (white),Life Expectancy (white) 95% CI - Low,Life Expectancy (white) 95% CI - High,# Deaths,Age-adjusted Death Rate,95% CI - Low,95% CI - High,Age-Adjusted Mortality (AIAN),Age-Adjusted Mortality (AIAN) 95% CI - Low,Age-Adjusted Mortality (AIAN) 95% CI - High,Age-Adjusted Mortality (Asian),Age-Adjusted Mortality (Asian) 95% CI - Low,Age-Adjusted Mortality (Asian) 95% CI - High,Age-Adjusted Mortality (Black),Age-Adjusted Mortality (Black) 95% CI - Low,Age-Adjusted Mortality (Black) 95% CI - High,Age-Adjusted Mortality (Hispanic),Age-Adjusted Mortality (Hispanic) 95% CI - Low,Age-Adjusted Mortality (Hispanic) 95% CI - High,Age-Adjusted Mortality (white),Age-Adjusted Mortality (white) 95% CI - Low,Age-Adjusted Mortality (white) 95% CI - High,# Deaths,Child Mortality Rate,95% CI - Low,95% CI - High,Child Mortality Rate (AIAN),Child Mortality Rate (AIAN) 95% CI - Low,Child Mortality Rate (AIAN) 95% CI - High,Child Mortality Rate (Asian),Child Mortality Rate (Asian) 95% CI - Low,Child Mortality Rate (Asian) 95% CI - High,Child Mortality Rate (Black),Child Mortality Rate (Black) 95% CI - Low,Child Mortality Rate (Black) 95% CI - High,Child Mortality Rate (Hispanic),Child Mortality Rate (Hispanic) 95% CI - Low,Child Mortality Rate (Hispanic) 95% CI - High,Child Mortality Rate (white),Child Mortality Rate (white) 95% CI - Low,Child Mortality Rate (white) 95% CI - High,# Deaths,Infant Mortality Rate,95% CI - Low,95% CI - High,Infant Mortality Rate (AIAN),Infant Mortality Rate (AIAN) 95% CI - Low,Infant Mortality Rate (AIAN) 95% CI - High,Infant Mortality Rate (Asian),Infant Mortality Rate (Asian) 95% CI - Low,Infant Mortality Rate (Asian) 95% CI - High,Infant Mortality Rate (Black),Infant Mortality Rate (Black) 95% CI - Low,Infant Mortality Rate (Black) 95% CI - High,Infant Mortality Rate (Hispanic),Infant Mortality Rate (Hispanic) 95% CI - Low,Infant Mortality Rate (Hispanic) 95% CI - High,Infant Mortality Rate (white),Infant Mortality Rate (white) 95% CI - Low,Infant Mortality Rate (white) 95% CI - High,% Frequent Physical Distress,95% CI - Low,95% CI - High,% Frequent Mental Distress,95% CI - Low,95% CI - High,% Adults with Diabetes,95% CI - Low,95% CI - High,# HIV Cases,HIV Prevalence Rate,# Food Insecure,% Food Insecure,# Limited Access,% Limited Access to Healthy Foods,# Drug Overdose Deaths,Drug Overdose Mortality Rate,95% CI - Low,95% CI - High,Drug Overdose Mortality Rate (AIAN),Drug Overdose Mortality Rate (AIAN) 95% CI - Low,Drug Overdose Mortality Rate (AIAN) 95% CI - High,Drug Overdose Mortality Rate (Asian),Drug Overdose Mortality Rate (Asian) 95% CI - Low,Drug Overdose Mortality Rate (Asian) 95% CI - High,Drug Overdose Mortality Rate (Black),Drug Overdose Mortality Rate (Black) 95% CI - Low,Drug Overdose Mortality Rate (Black) 95% CI - High,Drug Overdose Mortality Rate (Hispanic),Drug Overdose Mortality Rate (Hispanic) 95% CI - Low,Drug Overdose Mortality Rate (Hispanic) 95% CI - High,Drug Overdose Mortality Rate (white),Drug Overdose Mortality Rate (white) 95% CI - Low,Drug Overdose Mortality Rate (white) 95% CI - High,# Motor Vehicle Deaths,Motor Vehicle Mortality Rate,95% CI - Low,95% CI - High,MV Mortality Rate (AIAN),MV Mortality Rate (AIAN) 95% CI - Low,MV Mortality Rate (AIAN) 95% CI - High,MV Mortality Rate (Asian),MV Mortality Rate (Asian) 95% CI - Low,MV Mortality Rate (Asian) 95% CI - High,MV Mortality Rate (Black),MV Mortality Rate (Black) 95% CI - Low,MV Mortality Rate (Black) 95% CI - High,MV Mortality Rate (Hispanic),MV Mortality Rate (Hispanic) 95% CI - Low,MV Mortality Rate (Hispanic) 95% CI - High,MV Mortality Rate (white),MV Mortality Rate (white) 95% CI - Low,MV Mortality Rate (white) 95% CI - High,% Insufficient Sleep,95% CI - Low,95% CI - High,# Uninsured,% Uninsured,95% CI - Low,95% CI - High,# Uninsured,% Uninsured,95% CI - Low,95% CI - High,Other Primary Care Provider Rate,Other Primary Care Provider Ratio,Cohort Size,High School Graduation Rate,% Disconnected Youth,95% CI - Low,95% CI - High,READING- Average Grade Performance,Average Grade Performance (Asian),Average Grade Performance (Black),Average Grade Performance (Hispanic),Average Grade Performance (white),MATH-Average Grade Performance,Average Grade Performance (Asian),Average Grade Performance (Black),Average Grade Performance (Hispanic),Average Grade Performance (white),Segregation index,Spending per-pupil,School funding,Women's Median Earnings,Men's Median Earnings,Gender Pay Gap,95% CI - Low,95% CI - High,Median Household Income,95% CI - Low,95% CI - High,Household Income (AIAN),Household Income (AIAN) 95% CI - Low,Household Income (AIAN) 95% CI - High,Household Income (Asian),Household Income (Asian) 95% CI - Low,Household Income (Asian) 95% CI - High,Household Income (Black),Household Income (Black) 95% CI - Low,Household Income (Black) 95% CI - High,Household Income (Hispanic),Household Income (Hispanic) 95% CI - Low,Household Income (Hispanic) 95% CI - High,Household Income (white),Household Income (white) 95% CI - Low,Household Income (white) 95% CI - High,% Enrolled in Free or Reduced Lunch,Segregation index,Segregation Index,% household income required for childcare expenses,# childcare centers,County Value,Homicide Rate,95% CI - Low,95% CI - High,Homicide Rate (AIAN),Homicide Rate (AIAN) 95% CI - Low,Homicide Rate (AIAN) 95% CI - High,Homicide Rate (Asian),Homicide Rate (Asian) 95% CI - Low,Homicide Rate (Asian) 95% CI - High,Homicide Rate (Black),Homicide Rate (Black) 95% CI - Low,Homicide Rate (Black) 95% CI - High,Homicide Rate (Hispanic),Homicide Rate (Hispanic) 95% CI - Low,Homicide Rate (Hispanic) 95% CI - High,Homicide Rate (white),Homicide Rate (white) 95% CI - Low,Homicide Rate (white) 95% CI - High,# Deaths,Suicide Rate (Age-Adjusted),95% CI - Low,95% CI - High,Crude Rate,Suicide Rate (AIAN),Suicide Rate (AIAN) 95% CI - Low,Suicide Rate (AIAN) 95% CI - High,Suicide Rate (Asian),Suicide Rate (Asian) 95% CI - Low,Suicide Rate (Asian) 95% CI - High,Suicide Rate (Black),Suicide Rate (Black) 95% CI - Low,Suicide Rate (Black) 95% CI - High,Suicide Rate (Hispanic),Suicide Rate (Hispanic) 95% CI - Low,Suicide Rate (Hispanic) 95% CI - High,Suicide Rate (white),Suicide Rate (white) 95% CI - Low,Suicide Rate (white) 95% CI - High,# Firearm Fatalities,Firearm Fatalities Rate,95% CI - Low,95% CI - High,Firearm Fatalities Rate (AIAN),Firearm Fatalities Rate (AIAN) 95% CI - Low,Firearm Fatalities Rate (AIAN) 95% CI - High,Firearm Fatalities Rate (Asian),Firearm Fatalities Rate (Asian) 95% CI - Low,Firearm Fatalities Rate (Asian) 95% CI - High,Firearm Fatalities Rate (Black),Firearm Fatalities Rate (Black) 95% CI - Low,Firearm Fatalities Rate (Black) 95% CI - High,Firearm Fatalities Rate (Hispanic),Firearm Fatalities Rate (Hispanic) 95% CI - Low,Firearm Fatalities Rate (Hispanic) 95% CI - High,Firearm Fatalities Rate (white),Firearm Fatalities Rate (white) 95% CI - Low,Firearm Fatalities Rate (white) 95% CI - High,Non-Petitioned Cases,Petitioned Cases,Denominator,Juvenile Arrest Rate,Traffic Volume,# Homeowners,% Homeowners,95% CI - Low,95% CI - High,# Households with Severe Cost Burden,% Severe Housing Cost Burden,95% CI - Low,95% CI - High,% Broadband Access,Numerator,95% CI - Low,95% CI - High,Population,% Less Than 18 Years of Age,% 65 and Over,# Black,% Black,# American Indian & Alaska Native,% American Indian & Alaska Native,# Asian,% Asian,# Native Hawaiian/Other Pacific Islander,% Native Hawaiian/Other Pacific Islander,# Hispanic,% Hispanic,# Non-Hispanic white,% Non-Hispanic white,# Not Proficient in English,% Not Proficient in English,95% CI - Low,95% CI - High,% female,# rural residents,% rural
06000,California,,31335,69,81.0,81.0,81.0,77.3,76.8,77.8,87.0,86.9,87.1,75.0,74.9,75.2,82.1,82.1,82.2,80.1,80.1,80.2,378883,288,287,289,472,455,488,167,165,168,524,519,529,276,275,278,304,302,305,12544,35,34,36,48,38,59,26,25,27,69,65,72,35,34,36,32,30,33,13801,4,4,4,5,4,6,3,3,4,8,8,8,4,4,4,3,3,4,11,11,12,12,11,13,9,9,10,132911,401,4011960,10,1204935,3,20454,17,17,18,40,35,45,4,4,5,31,30,32,12,11,12,25,25,26,27186,10,10,10,19,17,21,5,5,5,15,15,16,10,10,10,11,10,11,35,33,36,2657697,11,11,11,326104,4,3,4,73,1366:1,427205,88,7,6,7,2.9,3.6,2.4,2.6,3.3,2.7,3.6,2.2,2.5,3.1,0.26,13582,-1122,50693,58031,0.87,0.87,0.88,83001,82311,83691,60182,58379,61985,101380,100803,101957,54976,54259,55693,62330,61953,62707,90496,90035,90957,59,57,37,27,,6,5,5,5,10,9,12,2,2,2,22,21,23,6,6,6,3,3,3,21628,10,10,11,11,15,13,17,6,6,7,8,7,8,6,6,6,16,16,16,15801,8,8,8,13,11,16,3,2,3,21,20,22,6,6,7,10,9,10,,26295,4032100,7,1991,7241318,55,55,56,2487212,19,19,20,89,11650839,89,89,39368078,22.3,15.2,2210338,5.6,667270,1.7,6233297,15.8,203774,0.5,15569780,39.5,14147082,35.9,3392783,9,9,9,50.3,1880350,5.0
06001,California,Alameda,635,33,82.8,82.6,82.9,81.8,77.0,86.5,88.6,88.2,89.0,74.6,74.2,75.1,83.7,83.2,84.2,81.9,81.7,82.1,13444,239,235,243,418,328,524,135,130,140,539,521,558,230,220,240,239,232,246,426,31,28,34,,,,27,22,32,62,50,76,32,27,38,22,18,28,473,3,3,4,,,,4,3,4,7,6,8,3,3,4,2,2,3,10,9,11,11,10,12,9,9,10,6100,428,139810,8,16876,1,761,15,14,16,,,,4,3,5,39,34,44,13,11,15,20,18,22,711,6,6,7,,,,4,3,4,12,10,13,7,6,8,6,5,7,33,32,34,63889,6,5,6,9745,3,2,3,61,1649:1,15549,87,4,4,5,3.1,3.6,2.3,2.5,3.6,3.0,3.7,2.1,2.4,3.5,0.23,13740,1074,65431,77844,0.84,0.82,0.86,113518,109939,117097,82661,72806,92516,130236,127189,133283,56664,53591,59737,82968,80672,85264,120484,118723,122245,42,51,36,25,534,6,6,6,7,,,,1,1,2,31,28,34,7,6,8,2,2,3,767,9,8,9,9,,,,5,4,6,8,7,11,6,5,7,13,12,15,640,8,7,8,,,,2,1,2,29,26,33,8,6,9,7,6,8,,0,150400,0,2670,307281,54,53,54,95623,17,17,18,91,521875,91,91,1662323,20.2,14.7,165713,10.0,18313,1.1,551814,33.2,15772,0.9,368904,22.2,498759,30.0,119494,8,,,50.8,5869,0.4
06003,California,Alpine,,,,,,,,,,,,,,,,,,,,,42,992,659,1433,,,,,,,,,,,,,,,,,,,,,,,,,,,,,,,,,,,,,,,,,,,,,,,,,,,,,,14,13,15,15,14,16,10,9,11,,,140,13,197,17,,,,,,,,,,,,,,,,,,,,,,,,,,,,,,,,,,,,,,,35,33,36,61,10,8,12,12,6,4,7,0,1119:0,,,,,,,,,,,,,,,,0.17,,,33413,65250,0.51,0.20,0.83,64542,53254,75830,47321,28062,66580,,,,,,,135441,14183,256699,90000,65029,114971,64,,,27,1,14,,,,,,,,,,,,,,,,,,,,,,,,,,,,,,,,,,,,,,,,,,,,,,,,,,,,,,,,,,,0,100,0,8,321,81,72,90,23,6,0,18,87,344,77,97,1119,18.9,25.6,4,0.4,284,25.4,21,1.9,0,0.0,145,13.0,682,60.9,17,2,0,7,47.7,1175,100.0
06005,California,Amador,19,24,79.7,78.8,80.6,,,,,,,,,,83.6,80.5,86.7,79.1,78.1,80.1,592,327,297,357,,,,,,,,,,230,165,312,351,315,387,,,,,,,,,,,,,,,,,,,,,,,,,,,,,,,,,,,,,,,12,11,13,14,13,15,9,9,10,183,516,4120,11,36,0,27,23,15,33,,,,,,,,,,,,,,,,55,20,15,27,,,,,,,,,,,,,,,,33,32,35,1612,9,7,10,259,4,3,5,60,1670:1,306,87,10,4,17,2.7,,,2.5,2.8,2.5,,,2.3,2.5,0.02,9890,-1238,46136,52840,0.87,0.73,1.02,68141,58017,78265,,,,64615,21396,107834,,,,81328,67102,95554,63853,58323,69383,40,,14,25,14,9,6,4,10,,,,,,,,,,,,,,,,59,27,20,36,30,,,,,,,,,,,,,,,,38,19,14,27,,,,,,,,,,,,,,,,,9,2700,3,110,11396,77,74,80,2332,16,13,19,84,12417,81,86,40083,15.1,28.0,1034,2.6,922,2.3,691,1.7,134,0.3,5978,14.9,30780,76.8,418,1,1,2,45.7,23016,60.4
06007,California,Butte,132,46,77.6,77.2,78.0,79.6,72.3,86.9,82.7,79.9,85.4,74.2,71.5,77.0,82.0,80.5,83.5,77.2,76.8,77.6,3213,408,393,422,577,447,732,319,256,394,546,421,696,276,241,312,424,406,441,63,35,27,45,,,,,,,,,,27,14,47,35,25,47,63,4,3,5,,,,,,,,,,,,,,,,13,12,14,15,14,16,10,9,10,248,132,32450,14,14192,6,184,28,24,32,,,,,,,,,,9,4,16,32,27,37,242,15,13,17,,,,,,,,,,14,10,20,16,14,18,35,34,37,12590,10,8,11,1285,3,2,4,118,844:1,2161,87,6,4,8,2.7,2.6,2.4,2.6,2.9,2.5,2.6,2.1,2.4,2.7,0.09,13867,-453,42564,51440,0.83,0.79,0.87,54718,48191,61245,52734,39787,65681,49375,38936,59814,22302,15345,29259,48183,43474,52892,58222,54992,61452,59,64,31,35,80,7,4,3,5,,,,,,,,,,4,2,7,3,2,4,232,20,17,23,21,,,,,,,,,,10,6,16,22,19,25,159,14,12,16,,,,,,,,,,9,5,14,15,13,18,,182,19900,9,449,49887,59,58,61,14808,18,17,20,88,73596,87,89,212744,20.2,18.4,3435,1.6,5683,2.7,11077,5.2,621,0.3,38034,17.9,148772,69.9,5615,3,2,3,50.5,41584,18.9
06009,California,Calaveras,17,21,79.5,78.5,80.4,,,,,,,,,,85.5,82.0,89.0,78.9,77.9,79.9,744,358,327,388,715,400,1180,,,,,,,199,142,271,378,342,413,13,42,22,71,,,,,,,,,,,,,,,,,,,,,,,,,,,,,,,,,,,12,11,13,15,13,16,9,8,9,48,119,5360,12,2730,6,29,21,14,30,,,,,,,,,,,,,,,,81,25,20,32,,,,,,,,,,,,,,,,32,31,34,2262,9,8,10,348,4,3,6,26,3859:1,404,91,,,,2.7,,,2.6,2.7,2.4,,,2.2,2.4,0.02,14274,636,40558,60194,0.67,0.51,0.84,66329,54861,77797,,,,,,,71650,13398,129902,52440,35135,69745,67385,61460,73310,50,74,22,26,22,12,3,2,6,,,,,,,,,,,,,,,,53,20,14,27,23,,,,,,,,,,,,,,,,43,19,14,25,,,,,,,,,,,,,,,,,26,3700,7,44,13492,80,77,82,2982,18,15,21,84,14266,81,87,46308,16.9,28.9,430,0.9,949,2.0,850,1.8,130,0.3,6154,13.3,36815,79.5,312,1,0,1,50.1,34370,75.4
06011,California,Colusa,15,60,79.6,78.3,80.9,,,,,,,,,,83.8,81.1,86.6,77.7,75.8,79.6,229,333,289,377,,,,,,,,,,224,175,282,428,348,509,,,,,,,,,,,,,,,,,,,,,,,,,,,,,,,,,,,,,,,14,13,15,14,13,15,12,11,13,17,98,2870,13,2647,12,,,,,,,,,,,,,,,,,,,,35,23,16,32,,,,,,,,,,,,,,,,33,32,35,1893,15,13,18,330,6,4,7,32,3080:1,363,89,,,,2.8,,,,,2.6,,,,,0.12,13209,-4824,34105,48737,0.70,0.61,0.79,59422,48931,69913,,,,,,,14946,172,29720,65574,58419,72729,55925,47340,64510,76,29,16,28,10,6,,,,,,,,,,,,,,,,,,,10,9,4,17,9,,,,,,,,,,,,,,,,,,,,,,,,,,,,,,,,,,,,23,2800,8,282,4651,63,59,68,791,11,8,14,80,5889,77,84,21558,27.0,15.4,247,1.1,615,2.9,354,1.6,135,0.6,13030,60.4,7291,33.8,2821,14,12,16,49.1,6795,31.7
06013,California,Contra Costa,422,29,82.2,82.0,82.4,77.7,74.6,80.7,88.2,87.6,88.8,75.4,74.8,76.0,84.3,83.7,84.8,81.8,81.6,82.1,9986,244,239,249,421,321,542,142,133,150,498,475,522,215,205,226,243,235,250,313,30,27,34,,,,18,12,25,52,39,68,35,29,41,25,21,31,304,4,3,4,,,,3,2,3,6,4,7,4,3,5,3,2,3,10,10,11,12,11,13,9,9,10,2676,275,87180,8,30080,3,560,16,15,18,,,,4,3,6,32,26,38,12,10,14,20,17,22,644,8,7,9,,,,5,4,6,16,13,19,8,7,10,7,6,8,33,32,34,55219,8,7,9,8310,3,2,4,54,1862:1,13153,89,5,4,6,3.0,3.6,2.3,2.5,3.4,2.8,3.6,2.0,2.3,3.3,0.20,12440,465,64263,80124,0.80,0.78,0.83,106484,102894,110074,78815,62819,94811,121358,117081,125635,73306,68688,77924,80278,77495,83061,115457,112999,117915,39,53,37,25,370,6,6,5,6,,,,1,1,2,30,26,34,6,5,7,2,2,3,587,10,9,11,10,,,,7,5,8,9,6,11,6,5,8,13,11,14,466,8,7,9,,,,2,2,3,30,25,34,6,5,8,7,6,8,,,123400,,1505,266238,67,66,67,64279,16,16,17,93,371083,93,94,1152333,22.2,16.7,100161,8.7,12348,1.1,217402,18.9,7188,0.6,302831,26.3,481588,41.8,65454,6,,,51.1,8316,0.8
06015,California,Del Norte,,,76.3,75.2,77.4,71.6,66.4,76.8,,,,,,,88.6,81.3,95.9,74.9,73.6,76.3,498,466,422,509,742,539,997,,,,,,,154,93,240,523,467,579,,,,,,,,,,,,,,,,,,,,,,,,,,,,,,,,,,,,,,,15,14,16,16,15,17,11,10,12,34,144,4350,16,4133,14,16,19,11,31,,,,,,,,,,,,,,,,41,21,15,29,90,49,152,,,,,,,,,,18,11,27,36,35,37,1447,10,9,12,222,4,3,5,86,1165:1,235,90,19,9,29,2.5,,,2.4,2.6,2.2,,,2.1,2.3,0.05,13551,-1266,39720,47984,0.83,0.67,0.99,47442,39514,55370,30000,14358,45642,133417,19793,247041,105500,4422,206578,44847,27351,62343,52542,45686,59398,66,47,17,35,10,6,10,6,16,,,,,,,,,,,,,,,,29,19,13,28,21,,,,,,,,,,,,,,,,23,17,11,25,,,,,,,,,,,,,,,,,504,2700,187,99,6706,68,65,72,1490,16,13,19,84,8189,81,86,27968,20.7,19.0,937,3.4,2730,9.8,893,3.2,58,0.2,5712,20.4,17249,61.7,411,2,1,2,45.4,9634,33.7
06017,California,El Dorado,72,25,81.9,81.5,82.3,85.1,78.4,91.9,86.3,84.1,88.4,79.5,75.4,83.5,85.5,83.4,87.5,81.4,80.9,81.9,2016,248,236,260,252,144,409,128,94,170,322,202,488,204,170,238,260,246,274,43,28,21,38,,,,,,,,,,,,,,,,31,3,2,4,,,,,,,,,,,,,,,,11,10,12,13,12,14,8,7,8,211,127,16890,9,7710,4,105,18,15,22,,,,,,,,,,,,,,,,170,13,11,15,,,,,,,,,,11,7,17,14,11,16,30,29,32,8099,7,6,8,1388,3,2,4,49,2052:1,1952,94,5,2,7,3.1,3.5,,2.6,3.2,2.9,3.4,,2.4,3.0,0.08,11899,466,54821,72827,0.75,0.69,0.82,87792,79622,95962,,,,111964,97870,126058,69519,17017,122021,70182,61628,78736,84258,81390,87126,31,64,30,24,60,7,3,2,4,,,,,,,,,,,,,,,,174,18,15,21,18,,,,,,,,,,,,,,,,96,10,8,12,,,,,,,,,,,,,,,,,130,18900,7,212,55193,76,74,77,11219,16,14,17,89,64961,88,90,192925,19.6,22.8,1747,0.9,2611,1.4,9716,5.0,460,0.2,25755,13.3,147938,76.7,2722,1,1,2,50.3,62827,34.7
06019,California,Fresno,937,96,78.0,77.8,78.2,76.2,73.0,79.4,80.4,79.7,81.0,71.3,70.5,72.2,79.4,79.1,79.8,77.5,77.2,77.8,11184,379,372,386,573,472,674,316,296,336,683,639,726,346,336,356,389,377,401,544,48,44,52,,,,50,38,65,102,78,131,45,40,50,44,36,54,656,6,6,7,,,,8,6,10,15,11,18,5,5,6,6,5,7,14,13,16,14,13,15,14,13,14,2059,259,144790,15,49773,5,414,14,12,15,,,,7,5,11,25,18,34,9,8,11,23,19,26,1071,16,15,16,22,11,40,13,10,16,16,12,21,16,15,18,15,13,16,38,37,39,73200,13,12,14,10083,4,3,4,90,1112:1,13287,88,10,8,11,2.9,3.1,2.4,2.7,3.4,2.7,3.0,2.3,2.6,3.2,0.16,13754,-5546,41462,46493,0.89,0.86,0.92,61401,57647,65155,52511,40894,64128,68274,64686,71862,39621,31860,47382,47141,45784,48498,70763,68765,72761,74,50,25,30,281,4,7,7,8,,,,4,3,6,37,31,44,8,7,8,3,3,4,530,11,10,12,11,,,,9,6,12,10,7,15,7,6,9,17,15,19,521,10,10,11,,,,6,4,9,37,30,45,8,7,10,11,10,13,,1551,125100,12,820,166420,54,53,54,55662,19,18,19,83,256197,82,83,1000918,28.1,12.8,46278,4.6,31366,3.1,115563,11.5,2992,0.3,541269,54.1,279705,27.9,99823,11,,,50.1,100537,10.8
06021,California,Glenn,22,70,77.3,76.2,78.3,,,,,,,,,,85.4,80.5,90.3,75.2,73.6,76.8,373,391,350,433,,,,,,,,,,292,230,365,457,397,517,21,70,43,107,,,,,,,,,,,,,,,,,,,,,,,,,,,,,,,,,,,15,14,16,15,14,16,12,11,12,22,96,3790,14,2459,9,21,25,15,38,,,,,,,,,,,,,,,,34,17,12,24,,,,,,,,,,,,,,,,34,33,36,2496,16,13,18,445,6,4,8,71,1414:1,397,92,11,5,17,2.5,,,2.3,2.9,2.3,,,2.1,2.6,0.12,10040,-5800,33979,41888,0.81,0.67,0.95,57779,49260,66298,38565,20458,56672,51128,22638,79618,,,,46056,41108,51004,58693,52496,64890,70,,11,29,8,4,7,4,12,,,,,,,,,,,,,,,,34,23,16,32,24,,,,,,,,,,,,,,,,27,19,13,28,,,,,,,,,,,,,,,,,0,3400,0,247,5970,58,54,63,1883,20,15,24,74,7534,70,78,28283,26.7,16.6,261,0.9,976,3.5,845,3.0,62,0.2,12184,43.1,14140,50.0,2700,10,8,13,49.1,11494,40.9
06023,California,Humboldt,23,14,77.2,76.7,77.7,70.6,68.3,72.9,86.5,79.8,93.1,77.6,68.2,87.0,81.2,78.4,84.0,77.4,76.8,77.9,2124,420,401,439,718,608,828,295,203,414,571,382,820,325,262,389,411,390,432,55,53,40,69,,,,,,,,,,59,31,104,45,30,64,60,6,5,8,,,,,,,,,,,,,,,,14,12,15,15,14,17,10,9,10,221,189,20060,15,6112,5,110,27,22,32,73,43,115,,,,,,,,,,26,21,33,186,20,17,22,40,25,59,,,,,,,15,9,25,19,16,22,32,31,34,9146,11,10,13,1105,4,3,5,116,860:1,1285,87,9,5,14,2.8,2.5,,2.6,3.0,2.6,2.5,,2.4,2.7,0.16,13965,595,39812,46207,0.86,0.77,0.96,56071,48566,63576,32813,21186,44440,38456,14965,61947,,,,42645,35579,49711,51234,47495,54973,58,78,26,34,51,7,8,6,10,26,14,43,,,,,,,,,,7,5,9,151,21,18,25,22,,,,,,,,,,,,,,,,107,16,13,19,36,20,59,,,,,,,,,,16,13,20,,173,11500,15,566,30761,57,55,58,11231,22,20,23,86,46386,84,87,134977,18.8,19.1,1673,1.2,8614,6.4,3962,2.9,479,0.4,16883,12.5,98820,73.2,1942,2,1,2,50.5,40062,29.8
06025,California,Imperial,529,278,79.0,78.6,79.5,,,,92.8,85.9,99.6,77.5,74.5,80.5,79.8,79.3,80.3,74.9,73.5,76.2,2039,382,365,399,1081,779,1462,,,,440,325,581,350,332,368,551,494,609,71,34,27,43,,,,,,,,,,,,,,,,70,3,3,4,,,,,,,,,,,,,,,,16,14,17,14,13,15,15,13,16,359,250,34580,19,13349,8,137,25,21,29,,,,,,,,,,19,15,23,68,48,93,158,12,11,14,,,,,,,,,,13,10,15,13,8,21,34,32,35,12480,13,11,15,1764,3,2,4,75,1335:1,3027,88,7,5,10,2.6,,,2.6,3.2,2.5,,,2.5,3.0,0.20,14180,-5897,35840,45723,0.78,0.71,0.85,47599,41090,54108,41250,5196,77304,99030,83427,114633,24107,3821,44393,44281,41296,47266,66790,60224,73356,78,66,29,35,73,5,4,3,5,,,,,,,,,,,,,,,,64,7,6,9,7,,,,,,,,,,5,3,7,20,12,32,52,6,4,8,,,,,,,,,,4,3,6,14,8,24,,266,22300,12,471,26589,58,56,60,8281,19,16,21,82,37453,80,84,180267,28.5,13.6,4320,2.4,4586,2.5,3874,2.1,384,0.2,153968,85.4,17333,9.6,32870,20,18,21,48.8,30399,17.4
06027,California,Inyo,28,94,78.7,77.2,80.1,69.3,64.3,74.3,,,,,,,87.5,78.5,96.6,79.5,77.9,81.1,301,399,350,449,807,599,1064,,,,,,,281,187,406,366,308,424,,,,,,,,,,,,,,,,,,,,,,,,,,,,,,,,,,,,,,,12,11,13,14,13,14,9,9,10,23,150,1800,10,1441,8,22,41,25,62,,,,,,,,,,,,,,,,13,10,5,18,,,,,,,,,,,,,,,,33,31,34,1057,11,9,12,193,5,3,7,116,859:1,184,83,,,,,,,,,2.6,,,2.4,3.1,0.03,19938,3458,44132,56385,0.78,0.65,0.92,55981,53281,58681,43333,34475,52191,71356,69770,72942,,,,60813,49740,71886,60216,52632,67800,54,,33,34,11,15,,,,,,,,,,,,,,,,,,,17,16,9,27,19,,,,,,,,,,,,,,,,11,12,6,22,,,,,,,,,,,,,,,,,92,1600,58,187,5170,65,62,68,1034,14,11,17,83,6610,80,86,18046,20.6,24.3,173,1.0,2493,13.8,298,1.7,28,0.2,4273,23.7,10912,60.5,303,2,1,3,49.9,8611,46.4
06029,California,Kern,678,85,76.5,76.3,76.7,77.6,74.8,80.5,83.5,82.4,84.7,70.7,69.8,71.6,79.4,79.0,79.8,74.9,74.5,75.2,11288,436,428,444,480,388,572,234,209,258,709,664,754,352,340,363,507,494,521,513,50,45,54,,,,34,19,57,115,89,146,48,42,53,42,34,50,544,6,5,6,,,,,,,12,9,15,5,5,6,5,4,6,16,15,17,15,14,16,13,12,14,1785,250,121800,14,65742,8,851,32,29,34,,,,10,5,17,44,34,56,16,14,18,58,53,63,1090,17,16,19,21,10,39,11,7,15,21,16,26,16,14,17,21,19,22,34,33,35,62680,12,11,14,8803,3,3,4,67,1495:1,13336,88,10,8,11,2.7,3.3,2.3,2.6,3.0,2.4,3.1,2.0,2.4,2.8,0.21,13342,-4671,39045,48062,0.81,0.77,0.86,58583,55561,61605,49412,34827,63997,74021,69162,78880,39422,34509,44335,47095,45752,48438,66163,63598,68728,73,52,27,31,167,2,11,10,11,,,,4,2,7,34,28,40,12,10,13,6,5,7,593,14,13,15,13,,,,10,6,14,11,7,16,8,7,9,21,18,23,646,14,13,16,,,,4,2,8,35,28,43,13,11,14,16,14,18,,706,116400,6,593,161113,59,58,60,45292,17,16,18,84,228945,83,85,901362,28.7,11.6,46997,5.2,24747,2.7,50168,5.6,2487,0.3,497166,55.2,289519,32.1,82813,10,10,10,48.9,85693,10.2
06031,California,Kings,113,87,79.2,78.7,79.7,,,,85.1,81.8,88.4,76.8,74.5,79.0,80.6,79.6,81.5,78.1,77.3,78.9,1493,361,342,379,670,452,956,226,167,300,416,333,499,330,303,356,397,366,428,72,44,34,55,,,,,,,,,,34,24,46,58,37,87,74,5,4,6,,,,,,,,,,4,3,6,6,4,9,15,14,16,14,13,15,13,12,14,197,161,20220,13,10438,7,67,15,11,19,,,,,,,,,,10,7,15,23,16,32,149,14,12,16,,,,,,,,,,15,12,18,14,10,18,36,35,37,9900,12,11,14,1448,3,2,5,83,1202:1,1727,91,12,8,16,2.7,3.5,2.6,2.6,3.2,2.5,3.3,2.5,2.4,2.9,0.12,12201,-2611,40609,43582,0.93,0.84,1.02,60319,54140,66498,44842,31533,58151,80530,71178,89882,56076,43726,68426,49373,45832,52914,74918,71974,77862,71,37,22,28,41,4,6,5,8,,,,,,,,,,8,6,11,4,2,6,101,14,11,16,13,,,,,,,,,,10,7,14,18,13,24,74,10,8,12,,,,,,,,,,9,7,13,10,6,14,,135,17900,8,273,23368,54,51,56,5863,14,12,16,83,36361,82,85,152692,26.9,10.9,9561,6.3,4858,3.2,6757,4.4,545,0.4,84970,55.6,47139,30.9,14598,10,9,12,45.0,16601,10.9
06033,California,Lake,39,39,74.8,74.1,75.6,65.8,61.1,70.5,,,,,,,82.6,79.7,85.6,74.4,73.5,75.3,1448,548,517,579,902,680,1174,,,,992,723,1327,309,251,366,573,535,611,24,44,28,66,,,,,,,,,,56,28,100,34,16,62,29,6,4,8,,,,,,,,,,,,,,,,15,14,16,16,15,17,11,10,11,144,264,9640,15,1222,2,137,71,59,83,,,,,,,206,99,378,35,20,58,80,65,95,112,25,20,29,,,,,,,,,,20,12,32,26,21,32,35,34,36,4019,11,10,13,576,4,3,5,73,1372:1,709,78,,,,2.6,,,2.4,2.7,2.3,,,2.2,2.5,0.05,13181,-3043,37405,44260,0.85,0.72,0.97,52345,46763,57927,22961,11992,33930,45833,7596,84070,30991,9093,52889,46362,38658,54066,51120,48287,53953,72,58,26,34,20,5,10,8,14,,,,,,,,,,12,6,21,9,6,13,86,26,21,33,27,,,,,,,,,,16,7,29,27,20,35,61,19,15,24,,,,,,,,,,,,,,,,,43,6000,7,129,17276,68,65,70,4217,17,15,20,81,20617,78,84,64479,21.4,23.5,1118,1.7,2936,4.6,926,1.4,214,0.3,14690,22.8,43751,67.9,1706,3,2,4,50.1,21408,33.1
06035,California,Lassen,16,49,78.3,77.2,79.4,,,,,,,89.4,77.0,101.8,88.4,80.9,95.9,76.9,75.7,78.2,419,392,354,431,,,,,,,,,,184,112,284,450,401,499,14,66,36,110,,,,,,,,,,,,,,,,,,,,,,,,,,,,,,,,,,,14,13,15,14,14,15,10,10,11,30,112,3790,12,3246,9,26,28,19,42,,,,,,,,,,,,,,,,36,17,12,23,,,,,,,,,,,,,,,,35,34,36,789,6,5,7,138,3,2,3,90,1112:1,231,91,21,9,32,2.6,,,2.5,2.8,2.5,,,2.2,2.6,0.04,14424,1186,42150,55943,0.75,0.64,0.86,63803,57423,70183,47674,33140,62208,86042,45112,126972,64286,59184,69388,,,,58078,53975,62181,49,53,23,26,10,7,6,4,11,,,,,,,,,,,,,,,,40,23,17,32,26,,,,,,,,,,,,,,,,20,13,8,20,,,,,,,,,,,,,,,,,33,2300,14,87,6291,69,66,71,1159,13,11,16,82,7528,79,85,30016,17.9,16.3,2283,7.6,1305,4.3,501,1.7,260,0.9,5872,19.6,19417,64.7,675,2,1,3,38.6,24610,70.5
06037,California,Los Angeles,11176,98,81.3,81.3,81.4,82.0,80.4,83.6,86.6,86.4,86.7,74.8,74.6,75.0,82.4,82.2,82.5,80.6,80.6,80.7,94251,287,285,288,368,329,407,174,171,178,546,537,554,278,275,281,283,280,287,2804,32,31,34,,,,23,20,26,69,63,76,31,30,33,27,25,30,3241,4,4,4,,,,3,3,4,8,7,9,4,3,4,3,3,3,12,11,13,12,11,13,11,10,12,49678,585,1079900,11,142660,1,4276,14,14,15,35,23,50,4,3,4,28,26,30,10,10,11,23,22,24,5910,8,8,9,9,5,14,5,4,5,15,14,16,8,8,9,8,8,9,36,35,38,864634,14,13,14,85306,4,3,4,73,1371:1,96261,86,7,7,7,2.9,3.7,2.5,2.7,3.4,2.7,3.7,2.3,2.5,3.2,0.29,13430,-963,46250,50544,0.92,0.91,0.92,75624,74321,76927,62427,57462,67392,83252,82049,84455,51259,50356,52162,59837,59319,60355,91323,90514,92132,69,58,35,29,2573,4,6,6,6,7,4,12,2,1,2,23,21,24,6,6,6,2,2,3,4384,8,8,8,9,,,,7,6,7,7,6,8,5,5,6,13,12,14,3840,8,7,8,7,4,13,3,2,3,21,20,22,7,6,7,8,8,8,,3421,964500,4,3553,1534472,46,46,46,762517,24,23,24,87,2898026,87,87,9943046,21.1,14.5,791066,8.0,146590,1.5,1558134,15.7,36483,0.4,4822226,48.5,2570205,25.8,1215442,13,,,50.7,59424,0.6
06039,California,Madera,170,103,79.1,78.6,79.6,71.5,65.6,77.4,81.7,77.5,85.9,76.4,73.9,79.0,81.0,80.1,82.0,78.0,77.1,78.8,1759,352,336,369,772,554,1048,303,212,419,458,361,572,317,293,341,383,355,411,76,44,35,55,,,,,,,,,,42,32,55,37,20,63,77,5,4,6,,,,,,,,,,,,,,,,15,14,17,15,14,16,13,12,14,185,147,19620,13,8175,5,64,14,10,17,,,,,,,,,,7,4,11,24,17,33,206,19,16,21,,,,,,,,,,16,13,19,24,19,29,34,33,35,12305,15,13,16,1676,4,3,5,74,1360:1,1939,87,7,4,9,2.6,3.1,2.1,2.6,2.9,2.4,3.1,2.0,2.4,2.6,0.24,11778,-3599,36450,44649,0.82,0.73,0.90,68744,62961,74527,64342,33174,95510,60104,34504,85704,45431,12891,77971,52667,48579,56755,71001,68661,73341,80,64,31,25,43,4,6,5,8,,,,,,,,,,7,5,9,3,2,6,91,12,10,15,12,,,,,,,,,,8,5,11,20,15,27,79,10,8,13,,,,,,,,,,7,5,10,14,10,19,,512,19400,26,324,29270,66,64,68,6815,16,14,18,85,37630,83,86,157761,27.3,14.6,4909,3.1,7194,4.6,4137,2.6,473,0.3,93791,59.5,51412,32.6,18287,13,12,14,51.6,49672,32.9
06041,California,Marin,114,25,85.2,84.9,85.6,,,,90.6,88.4,92.8,78.3,76.0,80.5,86.7,85.0,88.5,85.3,84.8,85.7,1894,175,166,184,,,,122,97,151,399,321,478,173,147,199,169,159,179,31,15,10,21,,,,,,,,,,,,,,,,22,1,1,2,,,,,,,,,,,,,,,,9,8,10,11,10,12,7,7,8,801,358,19210,7,2943,1,130,17,14,20,,,,,,,42,20,77,10,5,18,18,15,22,99,5,4,7,,,,,,,,,,9,6,13,5,4,6,29,27,30,8906,6,5,7,1713,3,2,4,69,1446:1,2642,89,7,4,9,3.3,3.5,,2.5,3.7,3.2,3.5,,2.3,3.5,0.16,19154,7950,79611,103506,0.77,0.72,0.82,127601,115070,140132,,,,126815,100230,153400,67163,42686,91640,73072,62495,83649,129535,124975,134095,29,58,35,25,157,13,2,1,3,,,,,,,,,,,,,,,,212,14,12,17,16,,,,,,,,,,13,8,19,16,13,19,78,6,5,8,,,,,,,,,,,,,,,,,217,26200,8,1171,66719,64,62,65,19177,19,17,20,93,97669,92,94,257332,19.5,23.6,6578,2.6,2635,1.0,17380,6.8,693,0.3,42276,16.4,181874,70.7,8984,4,3,4,51.1,16457,6.5
06043,California,Mariposa,,,80.6,79.0,82.1,,,,,,,,,,111.8,64.5,159.1,79.9,78.2,81.5,277,351,301,400,,,,,,,,,,,,,,,,,,,,,,,,,,,,,,,,,,,,,,,,,,,,,,,,,,,,,,13,12,14,15,14,16,9,9,10,23,151,2450,14,477,3,11,21,11,38,,,,,,,,,,,,,,,,39,32,23,44,,,,,,,,,,,,,,,,34,32,35,1040,11,9,13,163,6,4,7,87,1144:1,160,93,,,,2.8,,,,,2.5,,,,,0.04,13686,351,45207,44975,1.01,0.74,1.27,56887,47282,66492,,,,,,,,,,38549,17752,59346,53008,48274,57742,64,72,11,29,5,7,,,,,,,,,,,,,,,,,,,22,27,16,42,25,,,,,,,,,,,,,,,,16,18,11,30,,,,,,,,,,,,,,,,,1-4,1300,,19,5520,70,68,73,1442,19,15,23,79,6198,75,83,17160,16.3,28.8,194,1.1,644,3.8,283,1.6,37,0.2,2177,12.7,13487,78.6,141,1,0,2,49.5,18251,100.0
06045,California,Mendocino,35,28,78.5,77.8,79.2,69.3,65.8,72.9,79.6,73.7,85.4,,,,89.1,84.0,94.2,78.3,77.5,79.1,1347,388,365,410,713,567,885,362,232,538,743,460,1136,245,202,289,401,372,429,45,61,44,81,,,,,,,,,,53,31,85,51,31,81,49,7,5,9,,,,,,,,,,7,5,11,6,4,9,14,12,15,15,13,16,10,9,11,165,224,11950,14,5202,6,114,44,36,52,,,,,,,,,,22,12,37,50,40,62,133,22,18,25,44,22,76,,,,,,,22,15,31,21,17,26,33,32,35,6083,13,11,14,904,5,3,6,107,935:1,950,82,9,4,13,2.5,,,2.3,2.7,2.4,,,2.2,2.6,0.12,17595,1290,39728,45934,0.86,0.76,0.97,53176,48304,58048,56164,39293,73035,75652,47054,104250,68550,35418,101682,48333,39278,57388,55532,52299,58765,74,,18,34,37,7,6,5,9,,,,,,,,,,7,4,13,5,3,8,105,22,18,27,24,,,,,,,,,,,,,,,,66,15,12,19,,,,,,,,,,,,,,,,,242,8200,30,282,20611,60,58,63,6538,20,18,22,82,28145,81,84,86061,21.1,23.7,690,0.8,5659,6.6,1957,2.3,233,0.3,22729,26.4,54907,63.8,3810,5,4,5,50.4,39731,45.2
06047,California,Merced,260,103,78.2,77.9,78.6,,,,81.2,79.7,82.7,69.2,67.1,71.4,81.7,81.0,82.5,76.1,75.5,76.7,2986,382,368,396,509,323,764,316,269,362,789,682,895,301,283,318,456,430,482,125,39,32,45,,,,,,,139,76,232,37,30,46,35,22,53,114,4,3,5,,,,,,,,,,,,,,,,16,14,17,15,13,16,13,13,14,315,144,38880,14,19726,8,136,16,14,19,,,,,,,,,,10,8,13,31,24,39,352,18,17,20,,,,11,7,18,33,21,50,17,15,20,21,17,25,35,34,36,24272,15,14,17,2962,4,3,5,66,1518:1,4491,92,9,7,12,2.7,2.9,,2.6,3.1,2.5,2.7,,2.4,2.8,0.10,12887,-6355,37048,43457,0.85,0.80,0.90,58998,55435,62561,39659,13032,66286,66135,61499,70771,43710,34414,53006,51583,49606,53560,64961,61948,67974,77,47,23,30,72,3,8,7,9,,,,,,,30,18,47,9,7,11,4,3,6,125,10,8,12,9,,,,11,5,19,,,,6,5,8,15,11,20,125,9,8,11,,,,,,,30,16,50,9,7,11,9,7,13,,338,37000,9,436,42480,52,51,54,11920,15,14,17,87,71087,86,89,279252,29.0,11.7,8274,3.0,7265,2.6,22218,8.0,1120,0.4,171835,61.5,71917,25.8,33758,13,13,14,49.5,36510,14.3
06049,California,Modoc,,,76.9,74.7,79.2,,,,,,,,,,,,,,,,167,463,381,544,,,,,,,,,,,,,,,,,,,,,,,,,,,,,,,,,,,,,,,,,,,,,,,,,,,,,,15,13,16,16,15,17,10,10,11,,,1390,16,1664,17,,,,,,,,,,,,,,,,,,,,10,16,8,30,,,,,,,,,,,,,,,,34,33,36,621,14,12,16,93,5,4,7,80,1252:1,,,,,,2.6,,,,,2.4,,,,,0.03,13883,-153,31832,52617,0.60,0.51,0.70,46838,38664,55012,,,,,,,,,,34292,4134,64450,53098,48989,57207,57,,16,35,10,21,,,,,,,,,,,,,,,,,,,,,,,,,,,,,,,,,,,,,,,,,,,,,,,,,,,,,,,,,,,10,800,13,34,2752,77,72,81,373,11,6,16,75,2708,70,80,8763,19.4,28.7,95,1.1,470,5.4,108,1.2,32,0.4,1316,15.0,6715,76.6,285,3,0,7,49.8,6776,70.0
06051,California,Mono,,,103.3,92.2,114.4,,,,,,,,,,,,,,,,101,175,140,211,,,,,,,,,,,,,,,,,,,,,,,,,,,,,,,,,,,,,,,,,,,,,,,,,,,,,,12,11,13,13,12,14,9,9,10,9,71,1240,9,2448,17,,,,,,,,,,,,,,,,,,,,10,10,5,19,,,,,,,,,,,,,,,,32,31,33,1119,12,10,14,154,6,4,8,103,969:1,143,95,,,,2.5,,,2.2,3.2,2.3,,,2.0,2.7,0.06,19826,5744,47379,49597,0.96,0.68,1.23,73204,60232,86176,,,,,,,,,,53611,44022,63200,72052,56084,88020,52,,16,34,6,9,,,,,,,,,,,,,,,,,,,10,12,5,23,14,,,,,,,,,,,,,,,,,,,,,,,,,,,,,,,,,,,,25,1200,21,199,3535,68,67,69,474,9,5,14,89,4608,85,93,14534,17.3,17.2,106,0.7,428,2.9,354,2.4,52,0.4,3970,27.3,9515,65.5,439,3,1,5,46.8,6509,45.8
06053,California,Monterey,256,54,82.2,81.9,82.5,92.3,78.6,106.1,86.7,85.6,87.9,78.6,76.9,80.4,83.1,82.5,83.7,81.3,80.8,81.8,3533,259,250,267,,,,177,153,201,386,326,447,240,227,252,289,273,304,167,37,31,42,,,,,,,,,,42,36,49,21,12,34,185,4,4,5,,,,,,,,,,5,4,5,4,2,5,13,12,15,13,12,14,12,11,12,753,214,43610,10,21089,5,211,16,14,18,,,,,,,34,18,58,11,9,14,26,21,31,322,11,9,12,,,,6,3,11,13,7,23,11,9,12,11,9,13,32,31,34,38218,16,14,17,4563,4,3,5,57,1766:1,5269,87,7,5,9,2.5,3.1,2.3,2.4,3.3,2.4,3.0,2.1,2.3,3.1,0.28,13641,-3735,43540,47927,0.91,0.85,0.97,85031,82239,87823,71602,64298,78906,87705,78818,96592,69458,63235,75681,62876,60244,65508,94279,91247,97311,73,54,40,22,124,4,8,7,9,,,,,,,13,7,23,12,10,13,3,2,4,200,9,8,10,9,,,,,,,,,,4,3,5,16,13,19,206,9,8,11,,,,,,,,,,10,8,12,10,8,13,,1105,50400,22,674,66346,52,51,53,23077,18,17,19,88,112319,87,89,430906,25.9,14.5,10630,2.5,11470,2.7,29240,6.8,2552,0.6,257438,59.7,124996,29.0,68607,17,16,18,49.2,40742,9.8
06055,California,Napa,38,18,82.1,81.6,82.5,,,,88.8,86.1,91.5,79.4,76.4,82.3,86.5,84.8,88.2,80.8,80.2,81.4,1246,236,222,250,,,,156,120,199,270,183,386,180,155,205,270,250,290,30,26,18,38,,,,,,,,,,,,,,,,30,3,2,4,,,,,,,,,,,,,,,,11,10,12,12,11,13,9,9,10,267,225,10660,8,3589,3,54,13,10,17,,,,,,,,,,,,,,,,78,8,6,10,,,,,,,,,,6,4,9,10,8,14,30,29,31,8186,10,9,12,1352,5,3,6,74,1346:1,1689,88,3,2,5,2.8,3.5,2.6,2.5,3.2,2.7,3.4,2.6,2.3,3.1,0.18,20282,5284,55534,58708,0.95,0.86,1.03,92149,83371,100927,88727,66424,111030,116875,100612,133138,84861,25978,143744,71915,66153,77677,100792,97407,104177,48,69,34,25,48,7,1,1,2,,,,,,,,,,,,,,,,82,10,8,13,12,,,,,,,,,,4,2,8,14,11,19,48,7,5,9,,,,,,,,,,,,,,,,,201,13600,15,564,31424,65,63,66,8144,17,16,19,90,43842,89,91,135965,19.9,20.3,2793,2.1,1757,1.3,12288,9.0,580,0.4,47313,34.8,69932,51.4,9612,7,7,8,50.2,18290,13.4
06057,California,Nevada,63,32,80.8,80.2,81.4,,,,86.4,81.3,91.5,,,,85.1,82.4,87.8,80.5,79.8,81.1,1278,289,270,308,,,,,,,,,,166,122,220,301,280,322,30,44,30,63,,,,,,,,,,,,,,,,25,4,3,6,,,,,,,,,,,,,,,,11,10,12,14,12,15,8,7,8,123,140,10310,10,8507,9,68,23,18,29,,,,,,,,,,,,,,,,90,13,10,16,,,,,,,,,,,,,,,,30,29,32,4347,8,7,9,699,4,3,5,80,1245:1,953,90,,,,3.0,,,2.6,3.1,2.8,,,2.6,2.9,0.13,12678,2243,48054,61782,0.78,0.71,0.84,74158,66311,82005,72500,10265,134735,51690,417,102963,78375,45939,110811,62083,47454,76712,68952,65152,72752,46,72,25,25,43,10,3,2,4,,,,,,,,,,,,,,,,104,19,15,23,21,,,,,,,,,,,,,,,,66,13,10,17,,,,,,,,,,,,,,,,,15,8100,2,222,30605,75,73,77,7521,19,17,21,88,36008,86,90,99606,16.8,28.9,526,0.5,1316,1.3,1461,1.5,215,0.2,9731,9.8,84294,84.6,1167,1,1,2,50.9,41614,42.1
06059,California,Orange,2459,63,82.8,82.6,82.9,82.5,80.6,84.4,87.2,86.9,87.5,80.4,79.4,81.3,83.2,82.9,83.4,81.6,81.4,81.7,24428,225,222,228,257,204,319,152,147,157,324,298,349,243,236,249,247,242,251,735,26,25,28,,,,21,18,25,30,18,48,28,26,31,27,23,30,780,3,3,3,,,,3,2,3,4,3,6,3,3,4,3,2,3,11,10,12,11,10,12,10,10,11,6985,260,264340,8,33752,1,1477,16,15,16,,,,4,3,5,18,12,25,11,10,12,25,24,27,1525,7,7,7,,,,5,4,5,10,7,14,8,7,8,7,7,8,34,33,35,211263,11,10,11,27232,4,3,4,74,1354:1,39379,91,4,4,5,3.1,3.8,2.8,2.7,3.5,3.0,3.8,2.6,2.5,3.3,0.24,12608,-534,53532,64333,0.83,0.82,0.85,98786,96349,101223,77149,69389,84909,96959,94762,99156,81754,76328,87180,74319,72666,75972,105133,103974,106292,49,49,34,25,788,4,2,2,2,,,,1,1,1,5,3,8,3,3,4,1,1,2,1659,10,9,10,10,,,,6,5,7,8,5,12,5,5,6,15,14,16,772,5,5,5,,,,2,2,3,8,5,12,4,3,4,7,7,8,,,318100,,2684,595228,57,57,58,199827,20,19,20,92,956783,92,92,3166857,21.5,15.7,53312,1.7,33201,1.0,711753,22.5,12233,0.4,1070133,33.8,1242338,39.2,279331,9,,,50.7,4315,0.1
06061,California,Placer,157,25,82.3,82.0,82.6,80.6,75.8,85.5,88.5,87.0,90.0,79.5,77.5,81.6,85.1,83.9,86.2,81.8,81.4,82.1,3491,229,221,237,382,264,534,124,104,145,274,216,344,187,165,209,244,234,254,88,25,20,31,,,,,,,,,,28,17,44,23,18,30,85,3,3,4,,,,,,,,,,,,,,,,10,9,11,12,11,13,8,7,8,367,109,31230,8,17793,5,174,15,12,17,,,,,,,,,,11,7,17,17,14,19,208,8,7,9,,,,,,,,,,6,4,9,9,8,10,31,30,33,13431,6,5,7,2442,3,2,3,69,1455:1,5006,91,6,4,7,3.2,3.7,2.7,2.8,3.3,3.1,3.6,2.6,2.6,3.1,0.07,11789,2626,62371,81451,0.77,0.74,0.80,100662,96686,104638,59211,16640,101782,120873,108535,133211,79063,50197,107929,77606,72844,82368,93831,91521,96141,26,45,28,22,149,7,2,1,2,,,,,,,,,,3,1,5,2,1,2,278,13,11,14,14,,,,9,5,15,,,,9,5,13,14,12,16,142,7,6,8,,,,,,,,,,5,2,8,8,7,10,,247,42300,6,470,106894,73,72,74,20740,15,14,16,91,132569,90,92,402950,21.9,20.4,7047,1.7,4310,1.1,35079,8.7,1183,0.3,59347,14.7,284430,70.6,6094,2,1,2,51.2,48039,13.8
06063,California,Plumas,,,77.4,75.8,79.0,,,,,,,,,,86.4,73.8,99.0,76.9,75.1,78.8,340,413,360,466,,,,,,,,,,,,,,,,,,,,,,,,,,,,,,,,,,,,,,,,,,,,,,,,,,,,,,12,11,13,14,13,15,8,8,9,18,109,2500,13,214,1,13,23,12,39,,,,,,,,,,,,,,,,30,23,15,33,,,,,,,,,,,,,,,,33,31,34,763,8,6,9,136,4,3,5,37,2710:1,108,88,,,,2.7,,,2.4,2.8,2.6,,,2.3,2.7,0.06,15511,4972,45981,65837,0.70,0.57,0.82,58489,47999,68979,,,,,,,,,,67722,46295,89149,59728,51338,68118,57,73,27,28,12,15,,,,,,,,,,,,,,,,,,,21,20,11,32,22,,,,,,,,,,,,,,,,15,16,9,26,,,,,,,,,,,,,,,,,0,1500,0,0,6077,73,69,77,1136,14,11,17,81,6776,79,84,18967,17.4,30.4,197,1.0,595,3.1,207,1.1,40,0.2,1847,9.7,15655,82.5,216,1,0,2,50.2,14810,74.0
06065,California,Riverside,2657,93,80.0,79.9,80.1,77.4,75.4,79.4,86.1,85.4,86.7,76.1,75.6,76.6,81.7,81.4,81.9,79.0,78.8,79.1,26085,325,321,329,497,432,562,183,172,194,465,446,483,286,280,292,362,355,369,848,34,32,37,,,,22,15,31,55,44,68,35,32,37,32,28,37,874,4,4,4,,,,3,2,4,7,6,9,4,4,4,4,3,5,13,12,14,13,12,14,11,10,12,9446,464,216050,9,152519,7,1595,22,20,23,44,27,69,6,4,9,27,22,31,13,12,14,35,33,37,2062,12,12,13,24,16,36,5,4,7,16,14,18,12,11,12,13,12,14,38,37,39,183711,13,12,13,22185,3,3,4,58,1733:1,31970,91,8,7,9,2.9,3.6,2.6,2.7,3.2,2.7,3.4,2.3,2.5,3.0,0.13,12952,-1377,42155,52517,0.80,0.79,0.82,76409,74660,78158,62935,52985,72885,90165,85250,95080,68511,65525,71497,61637,60664,62610,78847,77272,80422,65,41,30,25,378,2,4,4,5,,,,1,0,2,15,13,17,5,4,5,3,2,3,1445,12,11,12,12,16,8,28,8,6,10,7,5,9,6,6,7,18,17,19,1016,8,8,9,22,13,36,3,2,5,14,11,16,6,5,7,11,10,12,,1617,287800,6,625,497259,68,67,68,137012,19,19,20,89,657815,89,90,2489188,24.6,15.2,156114,6.3,49585,2.0,184017,7.4,11766,0.5,1259524,50.6,825484,33.2,182640,8,,,50.1,101212,4.6
06067,California,Sacramento,948,55,79.2,79.1,79.4,75.0,72.9,77.1,84.3,83.9,84.8,74.3,73.8,74.8,81.7,81.3,82.2,78.6,78.4,78.8,17287,335,329,340,492,418,566,220,210,229,556,535,577,280,268,291,345,338,352,595,41,38,44,,,,30,24,38,69,57,81,40,35,46,37,31,42,663,5,5,5,,,,5,4,6,8,7,10,5,4,6,4,3,4,12,11,13,13,12,14,10,10,11,4371,339,168410,11,59972,4,860,18,17,20,32,15,58,5,3,6,33,28,38,13,11,15,23,21,25,1167,11,10,12,16,8,28,6,5,7,17,15,20,10,8,11,12,11,13,35,34,36,79690,8,8,9,10948,3,2,4,75,1337:1,15152,87,8,7,8,2.8,3.1,2.3,2.6,3.1,2.7,3.0,2.1,2.4,2.9,0.13,12894,-2205,50330,55284,0.91,0.89,0.93,72953,70265,75641,54698,44761,64635,76909,73676,80142,53396,50905,55887,61104,58527,63681,77456,76182,78730,60,46,38,27,437,4,6,6,7,,,,4,3,5,21,18,23,6,5,7,4,3,4,990,13,12,13,13,,,,8,6,9,8,6,10,8,6,9,17,16,18,748,10,9,10,,,,5,4,6,21,18,24,7,6,8,10,9,11,,814,163900,5,1281,314234,57,57,58,92776,17,17,18,90,494580,90,91,1559146,23.3,14.8,150767,9.7,24872,1.6,272822,17.5,20270,1.3,372573,23.9,669654,43.0,89534,6,,,51.1,29257,2.1
06069,California,San Benito,32,49,81.9,81.1,82.7,,,,90.3,82.5,98.1,,,,82.7,81.4,84.0,81.0,79.7,82.2,507,252,229,274,,,,,,,,,,252,221,284,264,227,301,20,31,19,49,,,,,,,,,,,,,,,,,,,,,,,,,,,,,,,,,,,12,11,14,12,11,14,11,10,12,53,103,4220,7,1491,3,26,14,9,20,,,,,,,,,,13,7,22,16,8,29,79,19,15,23,,,,,,,,,,16,11,21,24,17,33,32,31,33,4199,11,9,13,741,4,3,6,39,2562:1,866,90,,,,2.9,,,2.8,3.4,2.7,,,2.6,3.1,0.07,11010,-1804,45457,59370,0.77,0.66,0.87,91185,78525,103845,83333,31208,135458,128750,78407,179093,118322,86091,150553,72329,66356,78302,104277,95668,112886,56,47,17,21,18,4,3,2,6,,,,,,,,,,,,,,,,30,10,7,14,10,,,,,,,,,,6,3,10,15,8,25,24,8,5,12,,,,,,,,,,,,,,,,,53,7500,7,300,12013,65,63,68,2785,15,13,18,92,16826,90,93,64055,25.5,13.5,689,1.1,2028,3.2,2756,4.3,350,0.5,39212,61.2,20392,31.8,4971,9,7,10,49.7,13267,24.0
06071,California,San Bernardino,2747,132,77.6,77.5,77.7,75.0,73.2,76.8,85.6,84.9,86.3,73.1,72.6,73.5,79.6,79.4,79.8,75.8,75.6,76.0,26337,395,390,399,550,472,628,204,192,215,587,567,607,340,333,347,458,449,467,1055,46,43,49,,,,37,27,48,86,74,99,43,40,47,41,35,47,1191,6,5,6,,,,5,4,7,11,9,12,5,5,6,5,4,5,14,13,15,13,12,14,12,11,13,4730,267,206710,10,173574,9,1048,16,15,17,,,,4,2,6,21,18,25,10,9,11,29,26,31,2192,15,14,15,21,12,34,7,6,9,22,19,24,13,12,14,17,16,19,38,36,39,164814,13,12,13,22438,4,3,5,76,1316:1,28100,89,9,9,10,2.8,3.7,2.4,2.7,3.1,2.6,3.5,2.1,2.5,2.9,0.16,13623,-1223,41146,48935,0.84,0.82,0.86,65984,63877,68091,60417,51660,69174,83070,79031,87109,50567,47370,53764,63663,62323,65003,70388,68926,71850,72,41,28,28,412,3,7,6,7,,,,3,2,4,23,20,25,6,5,6,4,4,5,1167,11,10,12,11,,,,6,4,8,6,5,8,6,6,7,20,19,22,1180,11,10,12,,,,4,3,6,23,20,26,7,7,8,15,14,17,,3026,259100,12,930,384774,60,59,61,115527,18,18,19,87,559777,87,88,2189183,26.0,12.2,177458,8.1,47038,2.1,183209,8.4,10879,0.5,1201620,54.9,577876,26.4,153812,8,,,50.2,96357,4.7
06073,California,San Diego,1748,46,81.8,81.7,81.9,77.5,75.8,79.2,87.2,86.8,87.6,77.4,76.9,77.9,82.8,82.6,83.0,81.2,81.1,81.3,28272,256,253,259,435,379,492,169,162,175,420,402,438,243,237,249,265,261,269,935,33,30,35,69,33,126,26,21,32,65,53,77,32,29,35,29,26,33,1087,4,3,4,,,,3,2,3,8,7,10,4,3,4,3,3,3,11,10,12,12,11,13,9,9,10,13249,470,305100,9,85525,3,1724,17,16,18,46,30,69,5,4,6,27,22,31,11,10,12,24,22,25,1824,8,7,8,16,10,25,5,4,6,11,9,13,8,7,9,8,8,9,32,31,33,222201,11,10,11,27812,4,3,4,89,1130:1,32463,87,5,5,6,3.1,3.7,2.7,2.7,3.5,2.9,3.7,2.5,2.6,3.3,0.19,16011,2528,50721,58779,0.86,0.85,0.88,87126,84656,89596,63418,52777,74059,101100,98667,103533,56082,52928,59236,64410,63127,65693,92777,91483,94071,50,50,30,25,1007,5,3,3,3,12,7,20,1,1,2,11,9,12,3,3,3,2,2,2,2121,12,12,13,13,14,7,24,6,5,8,10,8,12,7,6,7,17,16,18,1104,7,6,7,13,6,23,2,1,3,12,10,14,4,4,5,9,8,10,,1442,310300,5,1568,609350,54,53,54,225465,20,20,21,92,1038180,92,92,3332427,21.2,14.9,156539,4.7,44649,1.3,427698,12.8,19979,0.6,1144376,34.3,1479655,44.4,200324,6,,,49.6,102054,3.3
06075,California,San Francisco,222,19,83.7,83.5,83.9,77.8,72.8,82.7,87.8,87.4,88.2,71.9,71.0,72.8,84.1,83.3,84.9,83.3,83.0,83.6,7396,248,242,253,544,394,733,142,135,149,721,680,763,269,252,286,232,223,241,140,30,25,35,,,,23,16,31,66,42,100,34,24,46,25,18,34,174,3,2,3,,,,3,2,4,6,4,10,3,3,5,2,1,2,9,8,10,10,9,11,9,9,10,12013,1516,92090,11,2436,0,1186,45,43,48,,,,7,5,9,158,138,179,47,40,54,42,38,45,275,5,4,5,,,,3,3,4,13,9,17,4,3,5,4,3,5,33,32,34,35113,6,5,6,3056,2,2,3,114,878:1,4055,85,2,1,3,3.0,3.2,2.2,,3.6,3.0,3.4,,,3.4,0.19,17228,200,81144,99911,0.81,0.79,0.83,121722,113888,129556,49583,34490,64676,101563,97239,105887,38862,33436,44288,82442,76350,88534,151154,148329,153979,49,61,36,27,331,8,5,4,5,,,,2,1,2,34,28,41,8,6,10,2,2,3,459,9,8,10,10,,,,5,4,7,10,7,15,8,6,10,12,11,14,224,5,4,6,,,,2,1,2,33,27,41,7,5,10,4,3,4,,394,46700,8,4366,137679,38,37,39,57313,16,16,17,89,323945,89,90,866606,13.5,16.6,43404,5.0,6357,0.7,316220,36.5,3942,0.5,131965,15.2,342839,39.6,91297,11,11,11,49.0,0,0.0
06077,California,San Joaquin,793,100,77.7,77.5,77.9,75.3,72.6,78.1,82.5,81.8,83.1,71.2,70.4,72.1,80.0,79.5,80.4,76.6,76.3,77.0,9284,393,385,401,527,412,665,277,261,293,661,623,698,328,315,342,431,417,444,390,48,43,52,,,,39,29,51,117,92,146,42,36,48,41,33,52,387,6,5,6,,,,4,3,6,12,9,15,5,4,6,5,4,6,13,12,14,14,13,15,12,11,12,1366,222,85740,12,31081,5,407,18,16,20,,,,5,3,8,27,20,36,13,11,15,27,23,30,809,16,14,17,,,,10,8,13,25,20,30,14,12,16,17,15,19,37,35,38,46804,10,9,12,6990,3,2,4,40,2485:1,9718,86,9,8,10,2.6,3.0,2.2,2.5,3.1,2.5,2.9,2.0,2.3,2.9,0.13,12501,-2302,44719,52242,0.86,0.82,0.89,70685,67413,73957,70521,45224,95818,82712,74711,90713,50614,45377,55851,59694,57831,61557,78042,75223,80861,62,47,30,27,237,5,10,9,10,,,,5,4,7,41,34,47,9,8,11,5,4,6,407,11,10,12,11,,,,8,6,10,7,4,11,7,5,8,17,15,20,463,12,11,13,,,,8,6,11,35,28,41,10,8,11,12,10,14,,840,94500,9,864,133381,58,57,59,40111,18,17,19,86,199016,86,87,767967,26.7,13.3,54715,7.1,15832,2.1,138774,18.1,6651,0.9,324963,42.3,225812,29.4,60993,9,8,9,50.1,58065,8.5
06079,California,San Luis Obispo,116,27,81.8,81.5,82.1,82.1,76.7,87.6,86.6,84.2,88.9,84.8,80.1,89.4,84.4,83.2,85.6,81.3,80.9,81.7,2733,256,245,266,323,197,498,198,153,252,222,156,306,213,190,236,270,258,283,56,28,21,37,,,,,,,,,,32,20,47,27,18,38,74,4,3,5,,,,,,,,,,5,4,7,4,2,5,11,10,12,13,12,14,9,8,9,383,155,25660,9,10932,4,180,21,18,24,,,,,,,,,,13,9,20,25,21,29,197,10,9,11,,,,,,,,,,9,6,12,11,9,12,30,29,31,12969,8,7,9,2028,4,3,5,84,1186:1,2694,92,2,1,3,3.1,3.5,2.6,2.6,3.4,2.9,3.4,2.7,2.5,3.2,0.09,14399,1412,46352,62397,0.74,0.70,0.79,79455,73320,85590,69750,33990,105510,76132,67677,84587,85125,22528,147722,64765,60410,69120,80948,78171,83725,44,62,25,26,110,9,2,1,2,,,,,,,,,,2,1,4,2,1,2,262,17,14,19,19,,,,,,,,,,7,4,12,20,17,23,134,9,8,11,,,,,,,,,,,,,,,,,302,22700,13,565,66635,63,61,64,19059,18,17,20,89,94728,88,90,282249,17.4,21.4,5038,1.8,4024,1.4,11420,4.0,532,0.2,65613,23.2,192205,68.1,7485,3,2,3,49.5,44750,16.6
06081,California,San Mateo,248,24,84.9,84.7,85.1,,,,89.2,88.6,89.7,77.7,76.5,79.0,87.2,86.4,87.9,83.6,83.3,83.9,5010,183,178,188,,,,139,131,146,432,383,480,182,170,194,196,188,204,165,26,22,30,,,,29,22,38,,,,32,25,41,17,12,24,186,3,3,3,,,,3,2,4,,,,3,3,4,2,1,3,9,8,10,10,9,11,9,8,9,1698,259,50810,7,6605,1,288,13,11,14,,,,4,2,5,41,27,60,12,10,16,18,15,21,273,5,4,6,,,,3,3,4,11,6,17,6,5,8,5,4,6,30,29,31,32679,7,6,7,5084,3,2,4,53,1891:1,6518,88,4,3,5,3.2,3.5,2.7,2.6,3.7,3.2,3.6,2.3,2.5,3.6,0.18,17050,4479,74444,83972,0.89,0.85,0.92,132369,125506,139232,96458,63460,129456,144177,139064,149290,80529,64256,96802,81839,79404,84274,145836,141267,150405,33,58,36,23,300,7,2,2,2,,,,1,0,1,10,6,17,3,2,4,1,1,2,339,8,7,9,9,,,,6,4,7,10,5,18,5,4,7,11,10,13,170,4,4,5,,,,2,1,3,13,7,22,4,3,5,6,5,8,,658,70200,9,2194,157703,60,59,61,45979,18,17,19,93,243631,92,93,758308,19.9,17.1,16974,2.2,6650,0.9,238884,31.5,11036,1.5,180184,23.8,288412,38.0,49933,7,7,7,50.4,13586,1.9
06083,California,Santa Barbara,177,32,81.7,81.5,82.0,80.0,75.5,84.6,88.0,86.3,89.8,78.0,76.0,80.1,83.1,82.5,83.7,81.2,80.8,81.6,3720,263,255,272,370,242,542,147,119,176,411,335,487,240,226,254,282,269,295,163,41,35,48,,,,,,,,,,44,36,52,36,26,49,175,4,4,5,,,,,,,,,,5,4,5,4,3,6,12,11,13,13,12,14,10,10,11,580,155,41030,9,12215,3,242,18,16,20,,,,,,,37,18,66,12,9,15,25,21,29,252,8,7,9,,,,6,3,11,,,,8,6,9,9,7,10,31,29,32,39104,15,13,17,4519,4,3,6,73,1364:1,4611,91,6,4,8,2.7,,2.9,2.5,3.5,2.6,3.4,2.6,2.4,3.3,0.20,15611,1911,46330,51697,0.90,0.85,0.94,86136,83822,88450,50382,38170,62594,91066,82959,99173,71875,41044,102706,62657,60010,65304,91815,89078,94552,62,52,26,25,144,5,3,3,4,,,,,,,,,,5,4,6,2,2,3,275,12,10,13,12,,,,,,,,,,7,5,9,16,13,18,151,7,6,8,,,,,,,,,,5,4,7,9,7,11,,1029,43100,24,1002,77504,52,51,53,28335,20,19,21,90,133098,89,90,444766,22.1,16.1,7880,1.8,9810,2.2,26860,6.0,1234,0.3,206419,46.4,192798,43.3,44724,11,10,11,50.0,21269,5.0
06085,California,Santa Clara,852,39,84.7,84.5,84.8,82.7,78.7,86.7,89.5,89.1,89.8,79.6,78.5,80.6,83.3,82.9,83.7,83.0,82.8,83.2,12066,194,191,198,328,249,423,127,123,132,375,345,406,248,238,257,218,212,224,450,27,24,29,,,,24,20,28,49,31,74,30,25,34,24,20,29,465,3,3,3,,,,3,3,3,5,3,8,3,2,3,2,2,3,9,8,10,10,9,11,9,9,10,3399,208,140120,7,17215,1,693,12,11,13,,,,3,2,4,33,25,43,14,12,16,19,17,21,902,7,6,7,,,,4,3,4,10,7,14,10,9,11,7,6,8,32,30,33,81141,7,6,7,11618,3,2,3,86,1164:1,19275,90,3,3,4,3.2,3.8,2.8,2.6,3.6,3.2,3.9,2.7,2.5,3.5,0.21,14779,1302,71492,100228,0.71,0.70,0.73,139462,135474,143450,89360,79147,99573,155757,153444,158070,81194,76260,86128,85969,83169,88769,138497,136032,140962,35,50,35,21,671,6,2,2,3,,,,1,1,2,10,7,14,4,4,5,2,1,2,790,8,7,8,8,,,,4,4,5,7,4,11,6,5,7,13,12,14,403,4,4,5,,,,2,1,2,8,5,12,4,4,5,7,6,8,,0,190400,0,2289,358228,56,56,57,98508,16,15,16,93,591129,93,93,1907105,21.3,14.3,45307,2.4,22631,1.2,764100,40.1,9825,0.5,471586,24.7,566685,29.7,158711,9,9,9,49.3,19307,1.1
06087,California,Santa Cruz,122,37,82.7,82.3,83.0,,,,86.9,84.7,89.1,78.7,74.5,82.9,83.2,82.3,84.2,82.5,82.1,83.0,2359,240,229,250,,,,165,128,209,413,298,559,238,217,258,239,226,252,64,31,24,39,,,,,,,,,,34,24,47,24,14,36,77,4,3,5,,,,,,,,,,4,3,6,3,2,5,12,11,13,13,12,14,9,9,10,483,204,27710,10,14218,5,156,19,16,22,,,,,,,,,,12,8,16,24,20,29,171,9,8,10,,,,,,,,,,10,8,13,8,7,10,30,29,31,15106,9,8,10,2164,4,3,5,85,1179:1,2726,86,2,1,4,2.7,3.2,2.7,2.3,3.3,2.6,3.2,2.4,2.2,3.2,0.28,12923,1457,57670,71416,0.81,0.75,0.87,93015,83606,102424,75192,51894,98490,73833,59318,88348,77804,44229,111379,70679,62272,79086,100259,96133,104385,52,70,44,24,95,7,3,2,4,,,,,,,,,,5,4,7,2,1,3,206,14,12,16,15,,,,,,,,,,7,5,11,17,14,20,95,7,6,8,,,,,,,,,,5,3,7,9,7,11,,275,24000,11,1013,58094,60,59,62,19145,20,19,22,90,86985,90,91,269925,18.7,18.0,2669,1.0,5252,1.9,14299,5.3,551,0.2,91666,34.0,153111,56.7,17443,7,6,7,50.6,31589,12.0
06089,California,Shasta,102,39,75.8,75.4,76.2,69.5,66.9,72.0,82.3,79.6,85.0,74.5,70.3,78.6,81.5,79.4,83.6,75.5,75.0,76.0,3154,453,436,470,657,528,785,277,207,363,526,370,725,283,235,332,465,446,484,78,50,40,63,,,,,,,,,,,,,,,,80,6,4,7,,,,,,,,,,,,,,,,13,12,14,15,14,17,9,8,9,206,135,25910,15,12257,7,120,22,18,26,,,,,,,,,,,,,,,,218,17,15,20,,,,,,,,,,12,7,19,18,15,21,33,32,34,10256,10,9,12,1255,3,2,4,118,848:1,1791,89,8,5,10,3.0,3.1,2.5,2.9,3.1,2.8,2.9,2.4,2.6,2.8,0.05,13452,1961,42290,55189,0.77,0.72,0.81,59108,53457,64759,41739,21068,62410,70385,29907,110863,47067,19021,75113,49250,43716,54784,58504,56103,60905,55,56,24,30,76,7,5,4,7,,,,,,,,,,,,,,,,227,24,21,28,25,,,,,,,,,,,,,,,,154,17,14,20,,,,,,,,,,,,,,,,,180,17300,10,348,46238,65,64,66,12968,19,17,20,85,60136,84,86,179027,21.5,21.3,1941,1.1,5662,3.2,5710,3.2,435,0.2,19479,10.9,140827,78.7,1747,1,1,1,50.9,51902,29.3
06091,California,Sierra,,,81.0,78.1,84.0,,,,,,,,,,,,,,,,46,290,199,407,,,,,,,,,,,,,,,,,,,,,,,,,,,,,,,,,,,,,,,,,,,,,,,,,,,,,,13,12,14,15,14,16,9,9,10,5,188,350,12,804,25,,,,,,,,,,,,,,,,,,,,,,,,,,,,,,,,,,,,,,,33,32,35,123,8,7,9,22,4,3,6,137,730:1,,,,,,2.7,,,,,2.7,,,,,0.02,15673,2929,43913,56094,0.78,0.22,1.34,59422,48576,70268,31193,30679,31707,,,,,,,,,,52083,45450,58716,46,,,28,1,8,,,,,,,,,,,,,,,,,,,,,,,,,,,,,,,,,,,,,,,,,,,,,,,,,,,,,,,,,,,1-4,200,,4,917,73,59,88,253,22,10,33,76,944,66,85,2920,16.9,31.1,12,0.4,79,2.7,29,1.0,5,0.2,373,12.8,2391,81.9,1,0,0,2,49.2,3231,99.7
06093,California,Siskiyou,14,17,75.9,74.9,76.9,71.0,65.7,76.2,,,,,,,80.7,76.8,84.5,75.8,74.7,76.9,863,465,429,501,742,541,993,,,,,,,325,241,428,465,424,505,25,71,46,105,,,,,,,,,,,,,,,,23,8,5,11,,,,,,,,,,,,,,,,14,12,15,15,14,16,10,9,10,62,166,7020,16,5111,11,21,16,10,25,,,,,,,,,,,,,,,,71,23,18,29,,,,,,,,,,,,,,,,33,32,34,2550,11,9,13,390,4,3,6,81,1236:1,428,89,8,3,13,2.7,,,2.7,2.8,2.6,,,2.5,2.6,0.14,13638,-2503,38251,51901,0.74,0.65,0.83,49441,43691,55191,38667,26843,50491,40536,14761,66311,,,,37880,30104,45656,49497,46788,52206,66,59,22,36,19,9,7,4,11,,,,,,,,,,,,,,,,54,24,17,32,25,,,,,,,,,,,,,,,,46,21,15,28,,,,,,,,,,,,,,,,,13,4100,3,117,12659,66,64,68,2753,15,13,17,82,15708,80,84,43245,20.2,26.8,610,1.4,2240,5.2,680,1.6,174,0.4,5811,13.4,32311,74.7,603,1,1,2,50.3,29556,65.8
06095,California,Solano,171,32,80.0,79.7,80.3,76.6,73.1,80.2,85.6,84.8,86.4,76.1,75.4,76.9,84.3,83.4,85.2,78.6,78.2,79.0,5043,315,306,324,436,304,607,201,184,218,459,431,488,232,215,250,348,333,362,157,40,34,46,,,,40,26,60,64,45,87,31,23,42,38,28,51,185,5,4,6,,,,5,3,7,8,6,11,5,4,6,4,3,6,11,10,12,12,12,13,10,10,10,1260,334,37600,9,15627,4,236,18,15,20,,,,6,4,10,19,14,26,9,6,12,28,23,32,342,11,10,12,,,,6,4,8,15,12,19,10,8,12,12,10,14,36,35,36,19423,7,6,8,2852,3,2,3,55,1832:1,4747,85,7,5,9,2.8,3.1,2.4,2.6,3.1,2.6,3.0,2.1,2.4,3.0,0.10,11939,-364,51457,61986,0.83,0.80,0.86,83678,78356,89000,101023,73391,128655,101742,97405,106079,66604,59727,73481,77644,73200,82088,90547,87818,93276,50,40,33,24,99,4,8,7,8,,,,3,2,5,27,22,32,6,5,8,3,2,4,283,12,11,14,13,,,,9,6,13,8,6,12,8,6,11,18,15,21,249,11,10,13,,,,5,3,7,28,23,34,8,6,11,10,8,12,,886,44300,20,1017,93839,62,61,63,23537,16,15,17,92,138883,91,92,446935,21.8,16.8,60859,13.6,5854,1.3,73665,16.5,4801,1.1,124120,27.8,162051,36.3,19940,5,4,5,50.2,15370,3.7
06097,California,Sonoma,196,27,82.0,81.7,82.2,77.3,74.0,80.6,87.4,85.8,88.9,78.9,76.7,81.2,85.1,84.1,86.0,81.5,81.2,81.8,4969,251,243,258,440,338,563,155,129,181,361,294,428,206,190,223,261,251,270,96,25,20,30,,,,,,,,,,23,16,31,27,20,35,98,3,2,4,,,,,,,,,,3,2,4,3,2,4,11,10,12,12,11,13,8,8,9,1424,333,43600,9,12493,3,324,22,19,24,,,,,,,34,17,61,10,7,14,26,22,29,308,9,8,10,,,,6,3,10,,,,8,6,10,9,8,10,30,29,31,26419,9,8,10,4270,4,3,5,78,1282:1,4733,84,5,4,6,3.0,3.2,2.8,2.6,3.3,2.8,3.1,2.4,2.4,3.1,0.14,15109,1006,53817,61389,0.88,0.85,0.91,87366,83251,91481,90781,72092,109470,90369,82051,98687,72582,54208,90956,73912,70538,77286,90510,88521,92499,45,53,31,26,172,7,2,2,3,,,,,,,,,,3,2,4,2,1,2,367,13,12,15,15,,,,8,4,15,,,,7,5,9,16,14,18,163,7,6,8,,,,,,,,,,3,2,5,8,7,10,,828,45400,18,823,115845,61,60,62,33516,18,17,19,91,171987,90,92,489819,19.2,21.1,8030,1.6,11003,2.2,22963,4.7,2031,0.4,135332,27.6,305339,62.3,25700,5,5,6,51.2,59776,12.4
06099,California,Stanislaus,634,112,77.3,77.1,77.6,71.6,67.4,75.7,82.0,80.9,83.2,71.8,70.5,73.2,80.9,80.3,81.4,75.8,75.4,76.1,6919,403,394,413,638,496,807,263,234,292,666,594,737,315,300,329,462,447,477,239,40,35,45,,,,32,16,58,59,30,102,37,31,43,44,35,54,254,5,4,5,,,,,,,,,,5,4,5,5,4,6,14,13,15,14,13,15,12,11,12,820,185,64300,12,17334,3,292,18,16,20,,,,10,5,18,32,18,51,10,8,13,26,22,30,579,15,14,16,,,,9,6,14,21,13,30,14,13,16,16,14,18,34,33,35,34577,11,9,12,5298,3,3,4,66,1511:1,7724,87,8,6,9,2.7,3.1,2.5,2.5,3.0,2.5,2.9,2.1,2.4,2.8,0.11,12318,-2733,43012,51631,0.83,0.79,0.87,64501,62018,66984,48761,40954,56568,65979,58158,73800,63542,39955,87129,56279,54346,58212,68369,65475,71263,67,50,24,28,124,3,4,4,5,,,,,,,12,7,20,4,3,5,4,3,5,300,11,10,12,11,,,,9,5,14,,,,6,5,8,16,14,19,199,7,6,8,,,,,,,14,7,24,5,3,6,10,8,12,,741,68000,11,600,102675,59,58,60,29762,18,17,19,87,151246,86,87,550081,26.9,13.6,15086,2.7,11841,2.2,34169,6.2,5240,1.0,265852,48.3,216552,39.4,45979,9,,,50.4,41057,8.0
06101,California,Sutter,62,52,78.4,77.8,78.9,,,,85.5,83.4,87.6,80.2,73.1,87.3,83.0,81.4,84.7,75.3,74.5,76.2,1162,369,347,391,,,,241,200,283,495,343,692,244,206,281,472,437,507,49,49,36,65,,,,,,,,,,49,30,74,54,33,83,50,6,4,7,,,,,,,,,,6,4,9,6,4,9,14,13,15,14,13,15,11,11,12,113,143,13170,14,7709,8,40,14,10,19,,,,,,,,,,,,,,,,124,18,15,22,,,,18,11,27,,,,13,9,19,22,17,28,35,34,36,6307,11,10,13,1003,4,3,5,102,984:1,1425,87,9,6,12,2.8,3.1,2.6,2.5,2.9,2.5,2.8,2.1,2.3,2.6,0.12,12831,-897,40814,48831,0.84,0.77,0.90,65791,58031,73551,41651,27192,56110,67782,57641,77923,79844,60520,99168,49567,43811,55323,69544,64391,74697,64,41,22,28,35,5,4,3,6,,,,,,,,,,6,3,11,4,2,7,63,13,10,16,13,,,,,,,,,,,,,,,,55,11,9,15,,,,,,,,,,9,5,15,16,11,22,,82,11500,7,419,19267,59,57,61,4366,14,12,15,85,27843,84,87,96385,25.5,16.2,2080,2.2,2351,2.4,16921,17.6,401,0.4,30932,32.1,42534,44.1,8979,10,9,11,50.2,14019,14.8
06103,California,Tehama,44,46,76.2,75.5,77.0,,,,,,,,,,82.0,79.6,84.5,75.0,74.1,76.0,1098,460,431,489,568,368,839,,,,,,,313,254,371,502,466,538,32,52,36,73,,,,,,,,,,,,,,,,27,5,3,7,,,,,,,,,,,,,,,,15,14,16,16,15,17,11,11,12,45,83,10170,16,6325,10,15,8,4,13,,,,,,,,,,,,,,,,99,22,18,27,,,,,,,,,,19,12,28,24,19,31,34,33,35,3930,11,9,13,569,4,3,5,71,1402:1,663,87,,,,2.6,,,2.4,2.8,2.5,,,2.3,2.6,0.10,12243,-3375,37927,45416,0.84,0.73,0.94,61571,54837,68305,23781,984,46578,,,,,,,38981,28498,49464,54476,48958,59994,72,70,21,28,29,8,6,4,9,,,,,,,,,,,,,,,,70,20,16,26,22,,,,,,,,,,,,,,,,63,20,15,25,,,,,,,,,,15,8,26,23,17,30,,85,7200,12,157,16282,66,64,68,4376,19,16,21,80,19754,77,83,64494,23.7,20.3,523,0.8,2198,3.4,948,1.5,164,0.3,17132,26.6,42894,66.5,1884,3,2,4,50.4,32676,51.5
06105,California,Trinity,,,74.6,72.1,77.0,,,,,,,,,,,,,,,,283,529,454,603,,,,,,,,,,,,,,,,11,128,64,230,,,,,,,,,,,,,,,,,,,,,,,,,,,,,,,,,,,14,13,15,16,15,17,10,9,10,16,149,2020,16,1057,8,,,,,,,,,,,,,,,,,,,,41,46,33,63,,,,,,,,,,,,,,,,35,33,36,762,12,10,14,115,5,4,7,123,814:1,121,87,,,,2.8,,,,,2.5,,,,,0.09,15642,-1839,39464,51057,0.77,0.55,0.99,45113,39078,51148,61364,41522,81206,,,,,,,39280,20018,58542,41389,34559,48219,66,,8,38,4,7,11,5,21,,,,,,,,,,,,,,,,28,38,23,58,45,,,,,,,,,,,,,,,,25,40,26,59,,,,,,,,,,,,,,,,,25,1000,25,39,4041,69,64,73,932,17,11,22,71,4179,65,76,12216,17.5,29.3,69,0.6,633,5.2,235,1.9,32,0.3,929,7.6,9899,81.0,89,1,0,2,48.8,13786,100.0
06107,California,Tulare,451,106,77.8,77.5,78.0,75.1,71.4,78.7,82.1,80.6,83.6,74.0,71.2,76.9,80.0,79.5,80.5,75.9,75.4,76.4,5089,382,372,393,612,476,775,284,239,329,580,473,686,324,310,337,453,433,472,252,44,39,50,,,,,,,,,,42,36,48,56,42,72,283,6,5,6,,,,,,,,,,5,5,6,6,5,8,16,15,18,15,14,16,14,13,15,489,134,71990,16,21739,5,165,12,10,14,,,,,,,,,,7,6,9,21,16,26,568,18,16,19,,,,9,5,17,,,,17,15,19,20,17,23,35,34,36,34198,13,12,14,4394,3,2,4,86,1157:1,6334,90,10,8,12,2.7,3.0,,2.6,3.0,2.5,3.0,,2.4,2.9,0.14,12905,-6963,37099,42398,0.88,0.84,0.91,62058,59097,65019,37632,21384,53880,67396,48352,86440,44708,27645,61771,46063,43980,48146,64453,61186,67720,76,67,21,28,125,3,8,7,9,,,,,,,30,17,50,9,7,10,6,5,8,200,9,8,10,9,,,,,,,,,,6,5,8,14,11,17,219,9,8,11,,,,,,,28,14,52,8,7,10,12,9,15,,964,64900,15,400,79353,57,56,58,24709,18,17,20,82,113706,81,83,468680,30.3,11.9,6022,1.3,13230,2.8,19281,4.1,1202,0.3,309519,66.0,126826,27.1,57319,13,13,14,50.1,68449,15.5
06109,California,Tuolumne,33,32,78.3,77.4,79.1,,,,,,,,,,83.5,80.3,86.7,77.6,76.6,78.5,912,377,349,405,532,304,863,,,,,,,282,213,367,399,367,432,21,57,36,88,,,,,,,,,,,,,,,,25,8,5,11,,,,,,,,,,,,,,,,13,12,14,14,13,16,9,8,10,52,109,6860,13,3411,6,28,17,11,25,,,,,,,,,,,,,,,,49,13,10,17,,,,,,,,,,,,,,,,33,32,35,2160,8,6,9,368,4,3,5,81,1239:1,407,87,,,,2.8,,,2.8,2.8,2.7,,,2.6,2.7,0.03,12416,-739,44344,55208,0.80,0.68,0.92,63336,54900,71772,36379,12015,60743,77667,5369,149965,,,,56595,29296,83894,60978,55197,66759,48,79,24,29,19,8,3,1,5,,,,,,,,,,,,,,,,66,20,15,26,24,,,,,,,,,,,,,,,,39,14,10,20,,,,,,,,,,,,,,,,,99,4200,24,99,16886,74,71,76,3736,17,14,20,84,19193,81,86,54515,16.8,27.3,1110,2.0,1219,2.2,814,1.5,158,0.3,7169,13.2,43085,79.0,262,1,0,1,47.9,27110,49.0
06111,California,Ventura,376,35,82.3,82.1,82.5,82.5,79.2,85.7,88.6,87.6,89.5,80.2,78.7,81.7,83.5,83.1,83.9,81.5,81.2,81.8,6901,234,228,239,222,143,327,142,127,157,315,268,361,225,215,235,249,240,257,250,32,28,36,,,,,,,,,,38,32,43,27,21,34,280,4,4,5,,,,,,,,,,5,4,5,3,2,4,11,10,12,12,11,13,10,9,10,1097,154,65680,8,19017,2,461,18,17,20,,,,6,3,11,,,,13,11,15,25,22,27,486,8,7,9,,,,5,3,7,10,6,18,9,8,10,8,7,9,33,32,34,65807,13,12,14,7900,4,3,5,50,2008:1,10288,89,6,5,7,2.8,3.6,2.8,2.5,3.3,2.6,3.6,2.6,2.3,3.2,0.22,11853,-2012,51320,60792,0.84,0.82,0.86,90961,85755,96167,87169,73134,101204,118323,107809,128837,81299,70037,92561,71808,69262,74354,98731,96437,101025,53,50,24,24,242,5,3,3,4,,,,,,,,,,5,4,6,2,2,3,461,10,9,11,11,,,,5,3,7,,,,4,3,5,16,14,17,286,7,6,8,,,,,,,,,,5,4,6,9,8,11,,1461,89600,16,1067,172037,63,62,64,48788,18,18,19,90,243330,89,90,841387,22.3,16.7,15118,1.8,16030,1.9,67005,8.0,2491,0.3,365049,43.4,373080,44.3,71885,9,9,9,50.5,25725,3.1
06113,California,Yolo,110,49,81.4,81.0,81.8,,,,89.1,87.1,91.0,78.3,75.1,81.4,82.7,81.6,83.7,80.5,80.1,81.0,1717,263,250,276,,,,132,107,161,455,359,569,250,225,275,284,267,302,50,27,20,36,,,,,,,,,,36,24,52,21,12,35,59,4,3,5,,,,,,,,,,4,3,6,4,3,6,12,11,13,13,12,14,10,10,11,306,163,23330,11,5793,3,79,12,9,15,,,,,,,,,,9,5,13,17,13,22,154,10,9,12,,,,5,3,9,,,,13,10,17,10,8,13,31,30,33,10922,8,7,9,1455,3,2,4,63,1592:1,2235,89,5,3,7,2.9,,2.3,2.5,3.3,2.7,3.2,2.1,2.3,3.0,0.14,13054,-993,52296,61695,0.85,0.79,0.91,80668,74133,87203,49167,31015,67319,66403,53870,78936,34063,13397,54729,57850,52592,63108,88396,84982,91810,49,51,23,27,79,7,3,2,4,,,,,,,,,,3,2,5,3,2,4,109,10,8,12,10,,,,,,,,,,8,5,12,13,10,17,61,6,4,7,,,,,,,,,,6,4,9,7,5,10,,164,21200,8,655,38280,51,50,53,13680,19,18,20,90,66891,89,91,219728,20.6,13.3,5556,2.5,3961,1.8,33380,15.2,1267,0.6,70598,32.1,99743,45.4,12433,6,5,7,51.6,13918,6.9
06115,California,Yuba,29,41,76.3,75.6,77.0,,,,81.0,77.5,84.6,76.8,73.3,80.2,84.8,81.7,87.9,74.3,73.4,75.2,1140,461,433,488,,,,307,227,406,461,334,621,280,233,328,536,499,573,53,61,46,80,,,,,,,,,,54,32,86,68,45,99,58,7,5,9,,,,,,,,,,7,4,11,7,5,10,14,13,15,15,14,16,11,10,11,93,148,10090,13,7852,11,43,18,13,24,,,,,,,,,,,,,,,,94,17,14,21,,,,,,,,,,15,10,23,18,13,23,35,34,36,4705,10,9,12,781,4,2,5,77,1293:1,785,81,7,4,11,2.7,2.7,2.8,2.4,2.9,2.6,2.6,2.3,2.5,2.8,0.07,13448,473,40645,50816,0.80,0.74,0.86,56278,48769,63787,30568,18355,42781,64375,36742,92008,75321,34988,115654,55716,44247,67185,60137,56367,63907,68,40,22,31,20,3,8,5,10,,,,,,,,,,7,3,12,7,5,11,73,20,15,25,19,,,,,,,,,,,,,,,,62,16,12,20,,,,,,,,,,9,4,16,20,15,27,,109,9200,12,362,16089,61,58,63,3951,15,13,18,86,22710,84,88,80160,27.4,13.3,2979,3.7,2371,3.0,6127,7.6,483,0.6,23837,29.7,42340,52.8,3228,5,4,5,49.4,18921,26.2
