FIPS,State,County,Unreliable,Deaths,Years of Potential Life Lost Rate,95% CI - Low,95% CI - High,Z-Score,YPLL Rate (AIAN),YPLL Rate (AIAN) 95% CI - Low,YPLL Rate (AIAN) 95% CI - High,YPLL Rate (AIAN) Unreliable,YPLL Rate (Asian),YPLL Rate (Asian) 95% CI - Low,YPLL Rate (Asian) 95% CI - High,YPLL Rate (Asian) Unreliable,YPLL Rate (Black),YPLL Rate (Black) 95% CI - Low,YPLL Rate (Black) 95% CI - High,YPLL Rate (Black) Unreliable,YPLL Rate (Hispanic),YPLL Rate (Hispanic) 95% CI - Low,YPLL Rate (Hispanic) 95% CI - High,YPLL Rate (Hispanic) Unreliable,YPLL Rate (white),YPLL Rate (white) 95% CI - Low,YPLL Rate (white) 95% CI - High,YPLL Rate (white) Unreliable,% Fair or Poor Health,95% CI - Low,95% CI - High,Z-Score,Average Number of Physically Unhealthy Days,95% CI - Low,95% CI - High,Z-Score,Average Number of Mentally Unhealthy Days,95% CI - Low,95% CI - High,Z-Score,Unreliable,% Low birthweight,95% CI - Low,95% CI - High,Z-Score,% LBW (AIAN),% LBW (AIAN) 95% CI - Low,% LBW (AIAN) 95% CI - High,% LBW (Asian),% LBW (Asian) 95% CI - Low,% LBW (Asian) 95% CI - High,% LBW (Black),% LBW (Black) 95% CI - Low,% LBW (Black) 95% CI - High,% LBW (Hispanic),% LBW (Hispanic) 95% CI - Low,% LBW (Hispanic) 95% CI - High,% LBW (white),% LBW (white) 95% CI - Low,% LBW (white) 95% CI - High,% Smokers,95% CI - Low,95% CI - High,Z-Score,% Adults with Obesity,95% CI - Low,95% CI - High,Z-Score,Food Environment Index,Z-Score,% Physically Inactive,95% CI - Low,95% CI - High,Z-Score,% With Access to Exercise Opportunities,Z-Score,% Excessive Drinking,95% CI - Low,95% CI - High,Z-Score,# Alcohol-Impaired Driving Deaths,# Driving Deaths,% Driving Deaths with Alcohol Involvement,95% CI - Low,95% CI - High,Z-Score,# Chlamydia Cases,Chlamydia Rate,Z-Score,Teen Birth Rate,95% CI - Low,95% CI - High,Z-Score,Teen Birth Rate (AIAN),Teen Birth Rate (AIAN) 95% CI - Low,Teen Birth Rate (AIAN) 95% CI - High,Teen Birth Rate (Asian),Teen Birth Rate (Asian) 95% CI - Low,Teen Birth Rate (Asian) 95% CI - High,Teen Birth Rate (Black),Teen Birth Rate (Black) 95% CI - Low,Teen Birth Rate (Black) 95% CI - High,Teen Birth Rate (Hispanic),Teen Birth Rate (Hispanic) 95% CI - Low,Teen Birth Rate (Hispanic) 95% CI - High,Teen Birth Rate (white),Teen Birth Rate (white) 95% CI - Low,Teen Birth Rate (white) 95% CI - High,# Uninsured,% Uninsured,95% CI - Low,95% CI - High,Z-Score,# Primary Care Physicians,Primary Care Physicians Rate,Primary Care Physicians Ratio,Z-Score,# Dentists,Dentist Rate,Dentist Ratio,Z-Score,# Mental Health Providers,Mental Health Provider Rate,Mental Health Provider Ratio,Z-Score,Preventable Hospitalization Rate,Z-Score,Preventable Hosp. Rate (AIAN),Preventable Hosp. Rate (Asian),Preventable Hosp. Rate (Black),Preventable Hosp. Rate (Hispanic),Preventable Hosp. Rate (white),% With Annual Mammogram,Z-Score,% Screened (AIAN),% Screened (Asian),% Screened (Black),% Screened (Hispanic),% Screened (white),% Vaccinated,Z-Score,% Vaccinated (AIAN),% Vaccinated (Asian),% Vaccinated (Black),% Vaccinated (Hispanic),% Vaccinated (white),# Completed High School,Population,% Completed High School,95% CI - Low,95% CI - High,Z-Score,# Some College,Population,% Some College,95% CI - Low,95% CI - High,Z-Score,# Unemployed,Labor Force,% Unemployed,Z-Score,% Children in Poverty,95% CI - Low,95% CI - High,Z-Score,% Children in Poverty (AIAN),% Children in Poverty (Asian),% Children in Poverty (Black),% Children in Poverty (Hispanic),% Children in Poverty (white),80th Percentile Income,20th Percentile Income,Income Ratio,Z-Score,# Children in Single-Parent Households,# Children in Households,% Children in Single-Parent Households,95% CI - Low,95% CI - High,Z-Score,# Associations,Social Association Rate,Z-Score,Annual Average Violent Crimes,Violent Crime Rate,Z-Score,# Injury Deaths,Injury Death Rate,95% CI - Low,95% CI - High,Z-Score,Injury Death Rate (AIAN),Injury Death Rate (AIAN) 95% CI - Low,Injury Death Rate (AIAN) 95% CI - High,Injury Death Rate (Asian),Injury Death Rate (Asian) 95% CI - Low,Injury Death Rate (Asian) 95% CI - High,Injury Death Rate (Black),Injury Death Rate (Black) 95% CI - Low,Injury Death Rate (Black) 95% CI - High,Injury Death Rate (Hispanic),Injury Death Rate (Hispanic) 95% CI - Low,Injury Death Rate (Hispanic) 95% CI - High,Injury Death Rate (white),Injury Death Rate (white) 95% CI - Low,Injury Death Rate (white) 95% CI - High,Average Daily PM2.5,Z-Score,Presence of Water Violation,Z-Score,% Severe Housing Problems,95% CI - Low,95% CI - High,Severe Housing Cost Burden,Severe Housing Cost Burden 95% CI - Low,Severe Housing Cost Burden 95% CI - High,Overcrowding,Overcrowding 95% CI - Low,Overcrowding 95% CI - High,Inadequate Facilities,Inadequate Facilities 95% CI - Low,Inadequate Facilities 95% CI - High,Z-Score,% Drive Alone to Work,95% CI - Low,95% CI - High,Z-Score,% Drive Alone (AIAN),% Drive Alone (AIAN) 95% CI - Low,% Drive Alone (AIAN) 95% CI - High,% Drive Alone (Asian),% Drive Alone (Asian) 95% CI - Low,% Drive Alone (Asian) 95% CI - High,% Drive Alone (Black),% Drive Alone (Black) 95% CI - Low,% Drive Alone (Black) 95% CI - High,% Drive Alone (Hispanic),% Drive Alone (Hispanic) 95% CI - Low,% Drive Alone (Hispanic) 95% CI - High,% Drive Alone (white),% Drive Alone (white) 95% CI - Low,% Drive Alone (white) 95% CI - High,# Workers who Drive Alone,% Long Commute - Drives Alone,95% CI - Low,95% CI - High,Z-Score
06000,California,,,378883,5679,5653,5705,,10423,9920,10926,,3248,3197,3300,,10748,10603,10893,,5505,5465,5545,,5892,5847,5938,,18,17,19,,3.7,3.5,3.9,,3.9,3.7,4.0,,,7,7,7,,8,8,8,8,7,8,12,11,12,7,7,7,6,6,6,10,9,11,,26,25,27,,8.9,,22,21,23,,93,,19,18,20,,5185,18737,28,27,28,,236719,599.1,,16,16,16,,20,18,21,3,3,3,19,19,19,23,23,23,7,7,7,2947957,9,9,9,,31852,81,1240:1,,34789,88,1132:1,,161625,411,244:1,,3067,,5047,2271,5495,3673,2799,37,,29,33,29,29,41,43,,34,49,27,34,45,22378605,26665143,84,84,84,,7515252,11241816,67,67,67,,1908093,18821176,10.1,,15,14,15,,25,10,27,22,8,160999,31310,5.1,,2004812,8931838,22,22,23,,23575,6.0,,164253,421,,108182,55,55,55,,101,95,107,26,26,27,86,84,87,40,40,41,75,74,76,12.9,,,,26,26,26,19,19,19,8,8,8,1,1,1,,72,72,72,,69,68,70,68,68,69,71,71,72,73,73,74,73,72,73,18239892,42,42,43,
06001,California,Alameda,,13444,4651,4535,4766,-1.03,9654,6986,13003,,2772,2601,2943,,11112,10577,11648,,4589,4356,4821,,4356,4158,4553,,16,14,17,-1.04,3.2,3.0,3.4,-1.63,3.6,3.4,3.8,-1.80,,7,7,7,0.53,10,7,14,8,8,8,11,11,12,6,6,6,6,5,6,10,9,11,-1.48,24,23,24,-1.41,9.1,-1.25,20,18,21,-1.13,100,-1.11,17,17,18,-1.39,111,438,25,23,28,-0.58,9645,577.1,0.60,9,8,9,-1.19,,,,2,1,2,14,13,15,18,17,19,3,3,3,72422,5,5,6,-1.73,1853,111,902:1,-1.28,1627,98,1022:1,-0.83,11497,692,145:1,-1.36,2783,-0.28,5733,1984,4749,3113,2455,38,-0.15,25,38,31,32,42,47,-0.78,42,53,30,39,51,1050689,1182996,89,,,-0.51,408992,528631,77,,,-1.42,71396,813807,8.8,-0.38,9,7,11,-1.10,15,5,27,15,5,208142,40321,5.2,1.04,65379,340525,19,18,20,-0.69,1104,6.6,-0.19,10242,629,1.39,3722,45,43,46,-0.96,80,50,121,20,18,22,101,94,107,38,35,40,55,52,58,14.4,0.60,No,-1.32,23,23,24,17,16,17,8,7,8,1,1,1,0.36,59,58,59,-1.68,60,49,72,63,62,63,65,63,67,68,67,69,65,64,66,799481,48,47,49,1.27
06003,California,Alpine,x,,,,,0.00,,,,,,,,,,,,,,,,,,,,,20,17,22,-0.02,4.4,4.1,4.7,0.65,4.8,4.5,5.0,0.98,,,,,0.00,,,,,,,,,,,,,,,,16,14,18,1.16,30,29,31,0.14,6.6,1.53,24,21,26,-0.20,76,0.12,20,20,21,0.19,4,15,27,13,41,-0.43,5,442.9,-0.11,,,,0.00,,,,,,,,,,,,,,,,72,9,7,10,0.07,0,0,1129:0,2.14,0,0,1119:0,2.77,4,357,280:1,0.23,,0.00,,,,,,37,0.09,,,,,,42,-0.14,26,,,,42,834,875,95,92,99,-1.43,148,285,52,32,72,0.98,58,517,11.2,0.61,25,15,34,1.59,39,,,19,,136265,33500,4.1,-1.01,87,252,35,19,50,1.79,0,0.0,2.48,5,442,0.15,15,271,152,447,3.00,,,,,,,,,,,,,,,,8.3,-1.26,No,-1.32,20,9,30,23,7,38,4,0,11,0,0,7,-0.59,52,42,62,-2.43,,,,,,,,,,,,,,,,398,31,15,47,-0.31
06005,California,Amador,,592,6930,5932,7928,0.00,,,,,,,,,,,,,,,,,,,,,17,16,20,-0.57,4.0,3.7,4.2,-0.21,4.4,4.2,4.7,0.18,,6,5,7,-0.83,,,,,,,,,,7,4,10,6,5,7,14,12,16,0.37,29,28,31,0.02,8.8,-0.92,23,21,25,-0.42,71,0.42,23,22,24,1.53,24,68,35,29,41,0.57,70,176.1,-1.52,14,11,18,-0.47,,,,,,,,,,18,11,27,14,11,18,1851,7,6,9,-0.54,24,60,1656:1,0.27,26,65,1542:1,0.38,103,257,389:1,0.71,2475,-0.67,,,,,,42,-1.09,35,29,,26,43,47,-0.78,43,63,25,42,48,28086,30797,91,90,93,-0.84,5229,8952,58,51,66,0.37,1317,14424,9.1,-0.23,13,8,18,-0.42,,,,8,9,121199,26524,4.6,-0.07,1248,5802,22,15,28,-0.32,25,6.3,-0.06,87,237,-1.23,200,102,88,117,0.52,,,,,,,,,,61,35,97,114,97,131,13.6,0.36,No,-1.32,18,15,21,16,13,19,3,2,4,1,0,2,-0.95,79,76,83,0.70,,,,,,,,,,70,56,84,76,73,79,13998,46,39,52,1.04
06007,California,Butte,,3213,7851,7436,8267,0.41,12626,8890,17403,,6143,4676,7924,,10674,7755,14329,,5536,4691,6382,,8176,7676,8676,,19,17,21,-0.27,4.3,4.0,4.5,0.38,4.7,4.4,4.9,0.81,,6,6,6,-0.74,5,2,7,7,5,8,11,8,14,7,6,7,6,5,6,15,13,17,0.55,32,30,33,0.57,7.4,0.64,23,21,25,-0.27,82,-0.16,20,19,21,0.08,53,186,28,25,32,-0.22,1373,626.4,0.86,14,13,15,-0.50,30,21,42,11,8,14,25,18,34,17,15,20,13,11,14,13710,8,7,9,-0.35,136,62,1612:1,0.22,163,77,1305:1,-0.05,1647,774,129:1,-1.76,4754,2.17,7073,5018,4451,3443,4786,38,-0.15,37,34,35,35,39,40,0.11,39,37,28,37,41,131093,146135,90,89,90,-0.63,36852,53606,69,66,72,-0.60,8509,92604,9.2,-0.21,19,13,24,0.58,16,29,40,22,16,116634,21313,5.5,1.61,9391,44739,21,19,23,-0.40,168,7.7,-0.62,734,327,-0.63,1128,101,95,107,0.48,117,75,173,31,19,48,102,67,149,53,43,64,116,109,124,13.8,0.42,Yes,0.75,23,21,24,19,18,20,3,3,4,1,1,2,0.14,75,73,76,0.19,77,63,91,72,67,77,56,40,72,75,72,77,76,74,78,92703,24,22,26,-0.95
06009,California,Calaveras,,744,7892,6825,8960,0.43,,,,,,,,,,,,,,,,,,,,,17,16,19,-0.59,4.0,3.8,4.3,-0.11,4.6,4.4,4.9,0.65,,6,5,7,-0.39,,,,,,,,,,7,4,9,6,5,7,15,13,17,0.72,30,29,31,0.19,8.0,-0.03,21,19,23,-0.75,64,0.75,22,21,23,1.33,22,63,35,28,41,0.53,98,213.5,-1.32,13,11,16,-0.60,,,,,,,,,,12,8,19,13,11,17,2579,8,7,9,-0.33,21,46,2186:1,0.73,20,43,2315:1,1.18,90,194,515:1,1.01,2477,-0.66,4019,,,2010,2516,41,-0.86,29,36,,33,41,44,-0.40,47,39,35,39,44,31726,35367,90,88,92,-0.63,4982,8513,59,51,67,0.36,1619,21207,7.6,-0.84,16,10,22,0.13,,7,,19,14,127014,29595,4.3,-0.59,1812,7528,24,17,31,0.09,40,8.7,-1.04,146,327,-0.62,217,95,82,108,0.33,,,,,,,,,,39,19,69,103,88,117,14.7,0.69,Yes,0.75,20,17,23,18,15,21,2,1,3,1,0,1,-0.53,76,73,79,0.33,,,,,,,,,,75,65,85,67,62,71,16894,59,53,66,2.31
06011,California,Colusa,,229,6877,5626,8128,-0.03,,,,,,,,,,,,,5361,4027,6994,,8245,5893,10597,,25,22,28,1.22,4.4,4.1,4.7,0.65,4.4,4.1,4.7,0.11,,6,5,7,-0.82,,,,,,,,,,6,5,8,6,4,8,14,12,15,0.06,32,31,34,0.72,7.0,1.08,30,27,33,1.23,72,0.36,19,18,20,-0.58,7,45,16,9,24,-1.71,80,371.3,-0.49,24,19,28,0.69,,,,,,,,,,26,21,31,14,8,22,2195,12,11,14,1.85,6,28,3591:1,1.28,9,42,2395:1,1.23,45,209,479:1,0.94,4730,2.14,11254,,,4335,4963,34,0.80,,31,,27,39,46,-0.65,54,52,26,45,46,9993,13721,73,70,75,1.76,2833,5527,51,44,59,1.05,1675,10499,16.0,2.52,13,8,18,-0.43,33,,,12,28,111740,23071,4.8,0.44,1115,5862,19,13,25,-0.72,11,5.1,0.42,43,201,-1.47,77,71,56,89,-0.28,,,,,,,,,,48,33,68,102,72,139,11.8,-0.19,Yes,0.75,18,15,22,11,8,14,7,5,9,1,0,2,-0.92,80,77,83,0.78,,,,,,,,,,74,68,81,79,76,81,9468,32,27,38,-0.17
06013,California,Contra Costa,,9986,4995,4844,5145,-0.88,9104,6227,12852,,2766,2515,3017,,10658,9976,11340,,4479,4213,4744,,4881,4642,5120,,16,14,18,-0.94,3.4,3.2,3.6,-1.38,3.8,3.6,4.0,-1.38,,7,7,7,0.30,9,5,13,8,8,9,12,11,12,6,6,6,6,5,6,10,9,11,-1.48,24,23,25,-1.32,9.1,-1.25,22,20,24,-0.56,98,-1.03,19,19,20,-0.38,116,399,29,27,32,-0.15,6018,521.7,0.31,9,9,10,-1.13,12,6,21,2,1,2,14,13,15,17,16,18,3,3,4,62447,6,6,7,-1.04,1181,102,977:1,-1.02,1044,91,1104:1,-0.56,4387,381,263:1,0.12,2959,-0.06,,1930,5238,2899,2824,40,-0.62,40,35,32,31,44,48,-0.90,45,49,30,37,52,714303,794560,90,90,90,-0.66,218007,300711,72,,,-0.96,48020,541256,8.9,-0.34,8,6,10,-1.30,5,5,17,15,4,202738,43636,4.6,0.07,48978,259670,19,18,20,-0.75,646,5.6,0.22,3773,336,-0.57,2896,50,49,52,-0.81,78,46,126,24,21,27,94,86,102,38,35,41,58,55,61,13.5,0.32,Yes,0.75,20,20,21,16,16,17,5,5,5,1,1,1,-0.39,66,65,66,-0.85,73,64,83,65,63,67,68,64,72,72,70,73,72,71,72,547220,52,51,53,1.64
06015,California,Del Norte,,498,9205,7945,10465,1.02,18729,12725,26584,,,,,,,,,,,,,,10433,8654,12211,,23,21,25,0.82,4.7,4.5,5.0,1.24,4.9,4.6,5.1,1.25,,6,5,7,-0.64,7,4,11,,,,,,,5,3,8,6,4,7,18,16,20,1.87,33,32,35,0.98,6.3,1.86,27,25,29,0.68,59,1.04,20,19,21,-0.07,12,39,31,22,39,0.05,63,226.5,-1.25,34,29,39,2.00,41,26,62,33,16,60,,,,30,22,42,34,27,42,1652,8,7,10,-0.06,16,58,1738:1,0.36,23,82,1216:1,-0.25,131,468,213:1,-0.30,2595,-0.52,,,,851,2739,27,2.46,26,19,,23,28,37,0.49,29,35,,28,38,15758,19766,80,78,82,0.78,3182,7619,42,35,48,1.94,884,9350,9.5,-0.10,23,14,33,1.40,35,,,12,22,105696,19718,5.4,1.41,1765,5986,29,20,39,0.97,10,3.6,1.03,167,609,1.26,158,114,96,132,0.82,222,144,328,,,,,,,36,17,67,136,112,160,11.6,-0.26,No,-1.32,20,16,23,16,13,19,5,3,6,1,0,1,-0.56,74,71,77,0.14,58,45,70,,,,,,,76,61,92,75,69,80,8866,14,10,19,-1.84
06017,California,El Dorado,,2016,5329,4912,5746,-0.73,,,,,,,,,,,,,4208,3313,5102,,5713,5203,6223,,14,13,16,-1.36,3.5,3.3,3.8,-1.04,4.2,3.9,4.5,-0.39,,7,6,7,0.00,10,4,15,9,6,11,,,,8,6,9,6,6,7,12,10,14,-0.47,26,25,27,-0.81,8.7,-0.80,19,17,21,-1.30,83,-0.26,23,22,24,1.61,38,125,30,26,35,0.01,487,252.5,-1.12,8,7,9,-1.31,,,,,,,,,,15,12,18,6,5,7,9349,6,5,7,-1.17,152,79,1269:1,-0.29,147,76,1312:1,-0.03,737,382,262:1,0.12,2985,-0.03,7029,567,1147,2800,3031,42,-1.09,33,41,64,38,42,48,-0.90,49,48,41,42,48,130793,139093,94,93,95,-1.24,28643,40957,70,67,73,-0.72,7490,90752,8.3,-0.59,9,6,12,-1.15,17,1,12,17,8,165979,33717,4.9,0.59,5578,37837,15,12,17,-1.42,115,6.0,0.07,399,218,-1.36,696,73,68,79,-0.23,,,,23,12,40,,,,40,30,53,82,76,89,12.0,-0.13,Yes,0.75,18,16,19,15,14,17,2,2,3,1,0,1,-1.10,76,74,78,0.33,,,,72,65,79,75,59,91,76,70,81,71,69,73,84184,39,37,41,0.44
06019,California,Fresno,,11184,7511,7323,7699,0.26,12717,9779,15656,,6392,5843,6942,,14126,12975,15277,,6889,6647,7132,,7712,7334,8089,,26,23,29,1.49,4.6,4.3,4.9,1.07,4.5,4.2,4.8,0.31,,8,7,8,0.96,11,8,13,8,8,9,14,13,15,7,7,7,6,6,7,14,13,16,0.41,38,36,39,2.00,7.4,0.64,29,27,32,1.18,80,-0.08,16,15,16,-2.40,189,728,26,24,28,-0.51,7225,723.2,1.37,27,27,28,1.18,31,23,40,15,13,16,40,36,43,33,32,34,12,11,13,82348,10,9,11,0.60,691,69,1446:1,0.00,628,63,1594:1,0.46,4209,421,238:1,-0.07,3649,0.79,4439,3236,7624,4113,3178,39,-0.38,42,26,29,32,45,45,-0.52,45,48,33,38,48,472113,610927,77,77,78,1.13,157712,277015,57,56,58,0.51,50260,445518,11.3,0.63,23,19,27,1.35,30,25,45,34,14,116477,22721,5.1,0.97,76588,280712,27,26,29,0.61,524,5.2,0.36,5264,542,0.81,3229,65,63,67,-0.44,124,90,167,46,40,52,106,94,119,51,48,53,89,84,94,17.1,1.42,Yes,0.75,27,26,27,19,18,20,9,9,10,1,1,1,1.15,78,78,79,0.60,77,70,85,78,76,79,76,71,81,77,76,78,81,79,82,397002,25,24,26,-0.84
06021,California,Glenn,,373,7905,6726,9085,0.44,,,,,,,,,,,,,5610,4260,7253,,10112,7991,12233,,24,21,27,1.09,4.6,4.4,4.9,1.07,4.7,4.4,4.9,0.80,,6,5,7,-0.74,,,,,,,,,,6,5,8,6,4,7,15,13,17,0.81,32,31,34,0.72,7.3,0.75,28,26,31,0.90,59,1.05,20,19,20,-0.21,9,41,22,14,31,-0.97,123,433.2,-0.16,22,18,25,0.46,,,,,,,,,,26,21,32,16,12,21,2905,12,11,14,1.96,4,14,7098:1,1.70,22,78,1286:1,-0.09,32,113,884:1,1.40,5270,2.81,11786,,,4359,5177,37,0.09,39,21,,31,38,36,0.62,38,32,40,33,36,13457,18065,74,72,77,1.52,3054,6890,44,37,52,1.70,1113,12568,8.9,-0.35,17,10,24,0.32,30,30,,19,12,99387,20710,4.8,0.36,1567,7481,21,14,28,-0.41,21,7.4,-0.51,114,408,-0.08,135,96,80,112,0.35,,,,,,,,,,45,30,66,136,110,165,13.8,0.42,No,-1.32,21,17,25,18,14,22,4,2,5,1,0,2,-0.24,78,73,83,0.57,,,,,,,,,,81,72,90,77,71,82,11469,32,26,37,-0.25
06023,California,Humboldt,,2124,8530,7971,9089,0.72,15774,12722,18825,,,,,,,,,,6864,5383,8345,,8263,7631,8895,,19,17,21,-0.27,4.4,4.1,4.7,0.61,4.9,4.6,5.1,1.23,,6,6,6,-0.85,5,4,7,4,2,5,8,4,11,6,4,7,6,6,7,15,13,18,0.90,28,27,29,-0.32,7.5,0.53,22,20,24,-0.70,81,-0.14,21,20,22,0.44,55,129,43,38,47,1.42,828,610.8,0.78,13,12,14,-0.66,26,20,33,9,5,15,12,6,20,17,14,21,10,9,12,10146,10,8,11,0.49,85,63,1595:1,0.20,107,79,1261:1,-0.15,719,533,188:1,-0.60,2970,-0.05,4547,2435,3547,4003,2855,28,2.22,23,26,19,27,29,41,-0.02,33,41,33,38,41,84375,93120,91,90,92,-0.76,24321,36055,67,64,71,-0.48,4965,59411,8.4,-0.55,19,13,25,0.60,51,49,,21,14,104853,20279,5.2,1.05,6351,25832,25,21,28,0.18,126,9.3,-1.28,584,432,0.08,718,106,98,113,0.60,175,138,221,,,,108,61,179,54,40,73,110,101,119,7.8,-1.42,No,-1.32,24,23,26,20,19,22,4,3,5,2,1,2,0.61,70,68,73,-0.31,71,65,77,66,54,77,,,,65,60,69,73,70,75,58659,17,15,19,-1.60
06025,California,Imperial,,2039,7111,6696,7525,0.08,25504,16947,36861,,,,,,6454,4611,8789,,6548,6115,6982,,10926,9173,12679,,29,25,33,2.26,4.9,4.5,5.2,1.54,4.5,4.1,4.8,0.25,,6,5,6,-1.12,,,,7,3,11,,,,5,5,6,7,5,8,13,11,16,-0.03,36,34,38,1.59,6.3,1.86,33,30,37,2.12,81,-0.13,18,17,19,-0.88,29,156,19,15,23,-1.36,1093,603.2,0.74,31,30,33,1.66,,,,,,,26,14,44,33,31,35,10,7,15,14070,10,8,11,0.56,45,25,4027:1,1.37,58,32,3108:1,1.59,319,177,565:1,1.10,3190,0.22,5213,1492,3366,3109,3354,32,1.27,21,30,31,31,35,32,1.13,37,41,23,30,38,77535,110470,70,69,72,2.13,26025,48580,54,50,57,0.83,15653,69602,22.5,5.16,25,17,33,1.66,46,9,31,32,17,98532,17513,5.6,1.90,16118,51735,31,27,35,1.24,85,4.7,0.58,630,366,-0.36,549,61,55,66,-0.56,190,104,319,,,,73,42,117,50,45,55,134,111,157,13.5,0.32,No,-1.32,27,25,29,18,16,20,10,9,12,1,0,1,1.14,80,77,82,0.76,87,69,100,80,72,87,,,,79,77,82,81,76,86,58495,22,19,24,-1.15
06027,California,Inyo,,301,8004,6441,9567,0.48,18864,12208,27846,,,,,,,,,,,,,,6788,5048,8528,,18,16,20,-0.47,3.9,3.7,4.2,-0.30,4.4,4.1,4.6,0.04,,8,6,9,1.28,10,6,15,,,,,,,7,5,10,7,6,9,14,12,15,0.10,28,27,29,-0.32,8.1,-0.14,22,20,24,-0.56,49,1.55,22,21,23,0.99,9,42,21,14,30,-1.03,80,443.5,-0.11,27,21,33,1.10,26,14,45,,,,,,,27,18,37,28,19,38,1234,9,8,10,0.27,17,94,1061:1,-0.77,12,66,1504:1,0.32,90,499,201:1,-0.44,2948,-0.08,2188,,,1645,3060,35,0.56,24,50,,34,35,35,0.75,6,58,,29,38,11900,13146,91,89,92,-0.75,2584,4111,63,55,71,-0.05,647,8305,7.8,-0.78,15,9,20,-0.14,16,,,23,7,111321,26212,4.2,-0.67,950,3722,26,17,34,0.33,10,5.5,0.24,110,600,1.20,84,93,74,115,0.28,129,69,221,,,,,,,,,,105,80,136,7.5,-1.51,Yes,0.75,18,15,21,15,11,18,2,1,3,2,1,4,-1.07,69,65,74,-0.45,80,59,100,,,,,,,74,64,84,65,60,71,7857,17,13,21,-1.57
06029,California,Kern,,11288,8735,8522,8948,0.81,9769,7024,12513,,4943,4185,5702,,15364,14151,16578,,7270,7006,7534,,10070,9664,10477,,27,24,30,1.76,4.8,4.5,5.1,1.35,4.6,4.4,4.9,0.64,,7,7,8,0.79,9,7,12,10,9,11,14,13,15,7,7,7,7,6,7,15,13,17,0.77,36,34,37,1.49,7.4,0.64,33,30,36,2.05,82,-0.20,16,16,17,-2.03,265,832,32,30,34,0.17,6876,763.8,1.59,32,31,32,1.70,27,20,36,5,4,7,41,38,45,35,34,36,24,22,25,70588,9,8,10,0.40,445,49,2023:1,0.61,457,51,1972:1,0.90,2079,231,434:1,0.84,4040,1.28,9401,3136,6544,4084,3826,33,1.04,33,26,32,28,36,39,0.24,35,40,28,36,41,409715,543837,75,75,76,1.40,124655,252988,49,48,51,1.23,48062,383769,12.5,1.14,25,21,29,1.61,36,22,45,31,17,109742,22667,4.8,0.44,65091,257674,25,24,27,0.29,405,4.5,0.66,4797,545,0.83,3802,85,82,88,0.07,108,76,150,43,35,53,126,112,139,58,55,61,126,120,132,19.0,2.00,Yes,0.75,24,24,25,17,16,17,9,9,10,1,1,1,0.59,80,79,81,0.81,70,60,79,74,72,76,78,75,82,79,78,80,82,81,83,339931,24,23,25,-0.95
06031,California,Kings,,1493,6863,6417,7309,-0.03,,,,,,,,,7803,5875,9731,,6288,5714,6861,,7645,6769,8521,,26,23,29,1.51,4.6,4.3,4.9,1.04,4.5,4.2,4.7,0.29,,6,6,7,-0.41,,,,6,4,8,10,8,13,7,6,7,5,5,6,14,13,16,0.41,35,34,37,1.44,7.6,0.42,31,28,33,1.47,60,0.98,20,19,21,0.09,42,120,35,30,40,0.54,1194,780.7,1.67,31,29,33,1.67,35,19,59,9,5,16,28,20,37,37,34,39,19,16,22,11212,9,8,11,0.43,55,36,2781:1,1.03,96,63,1591:1,0.46,334,219,457:1,0.90,3825,1.01,4124,2794,5238,4185,3590,33,1.04,27,21,24,29,38,36,0.62,39,30,24,31,40,69196,93546,74,73,75,1.60,23542,46320,51,48,54,1.09,6533,56416,11.6,0.76,18,12,24,0.42,20,9,23,29,8,109482,28047,3.9,-1.31,9716,40877,24,20,27,0.05,56,3.7,1.00,668,443,0.15,465,61,56,67,-0.53,191,107,315,,,,65,45,91,55,47,62,73,62,83,17.6,1.58,Yes,0.75,22,20,24,15,13,16,8,7,9,1,0,1,-0.07,77,75,80,0.50,69,52,86,82,75,90,81,74,89,76,74,78,79,77,82,56560,30,27,32,-0.43
06033,California,Lake,,1448,11559,10572,12546,2.09,22619,15570,31766,,,,,,21581,14222,31399,,7650,6011,9289,,11800,10578,13022,,22,20,24,0.52,4.6,4.4,4.8,1.02,4.9,4.7,5.1,1.34,,7,6,8,0.16,4,2,6,,,,10,5,15,7,5,8,7,6,8,17,15,18,1.38,32,31,33,0.72,7.7,0.31,27,25,29,0.54,84,-0.30,19,18,19,-0.78,22,73,30,24,36,-0.03,275,427.1,-0.19,30,26,33,1.45,55,35,81,,,,,,,42,35,48,21,18,24,4557,9,8,11,0.44,28,43,2300:1,0.80,28,43,2303:1,1.17,259,402,249:1,0.02,3324,0.39,2087,,3338,2381,3413,33,1.04,23,31,39,27,34,30,1.38,31,23,20,27,30,40079,46482,86,85,88,-0.14,7564,14117,54,48,59,0.83,2700,28267,9.6,-0.06,22,14,31,1.19,49,19,44,20,22,104671,20474,5.1,0.94,3599,13506,27,20,34,0.51,45,7.0,-0.34,343,535,0.77,502,156,142,170,1.90,153,86,252,,,,249,152,384,95,73,121,173,156,190,9.2,-0.99,Yes,0.75,20,18,23,18,16,20,3,2,4,0,0,0,-0.39,70,65,75,-0.40,65,51,80,,,,,,,67,55,78,67,62,73,23014,42,36,47,0.68
06035,California,Lassen,,419,7624,6522,8725,0.31,,,,,,,,,,,,,,,,,,,,,22,19,24,0.45,4.4,4.2,4.7,0.66,4.6,4.4,4.8,0.59,,8,7,9,1.64,,,,14,7,21,,,,11,8,14,7,6,8,17,15,18,1.38,31,30,32,0.31,7.5,0.53,26,24,28,0.30,44,1.81,21,20,22,0.77,18,45,40,33,47,1.12,69,225.7,-1.26,24,20,28,0.74,,,,,,,,,,38,26,54,20,15,25,914,5,4,6,-1.79,9,29,3397:1,1.23,34,113,883:1,-1.40,95,316,316:1,0.43,3392,0.47,4272,,,,3457,33,1.04,38,,33,30,34,27,1.76,8,40,22,26,28,17976,22325,81,78,83,0.67,3998,10502,38,35,42,2.29,676,9461,7.1,-1.04,16,10,21,0.06,55,8,,18,15,103647,25374,4.1,-0.97,1198,4901,24,17,31,0.15,13,4.3,0.76,183,587,1.11,168,110,93,126,0.70,,,,,,,,,,44,24,76,141,118,164,9.4,-0.93,No,-1.32,14,12,17,13,10,15,1,1,2,1,0,2,-1.96,81,75,86,0.88,,,,,,,,,,67,41,93,76,71,80,8106,19,14,23,-1.43
06037,California,Los Angeles,,94251,5558,5507,5608,-0.62,7708,6601,8816,,3374,3267,3482,,10982,10729,11235,,5447,5376,5517,,5220,5123,5317,,22,19,25,0.52,4.0,3.7,4.3,-0.19,4.1,3.8,4.3,-0.74,,7,7,7,0.62,10,8,11,7,7,7,12,12,12,7,7,7,6,6,6,11,9,13,-1.09,28,27,29,-0.37,8.6,-0.69,25,23,28,0.18,97,-0.96,17,17,18,-1.43,792,3668,22,21,22,-1.02,69712,694.4,1.22,15,15,15,-0.37,13,10,16,2,1,2,18,17,19,21,21,21,3,3,3,940376,11,11,11,1.29,7413,74,1354:1,-0.14,9060,91,1097:1,-0.58,40582,408,245:1,-0.01,3637,0.78,5487,2413,6370,4529,3049,32,1.27,23,31,24,24,38,39,0.24,33,48,23,29,42,5513270,6909179,80,,,0.77,1961067,3002523,65,,,-0.28,629811,4921499,12.8,1.25,17,16,19,0.32,23,10,27,24,7,146988,27581,5.3,1.35,550298,2172297,25,25,26,0.30,5905,5.9,0.10,49549,488,0.45,22498,45,44,45,-0.96,62,49,76,26,25,27,80,78,83,36,35,37,59,58,61,14.7,0.69,Yes,0.75,32,32,33,23,23,23,11,11,12,2,2,2,2.62,72,72,72,-0.11,66,63,68,73,72,73,73,72,74,72,71,72,73,73,74,4780680,50,50,51,1.47
06039,California,Madera,,1759,7197,6728,7666,0.12,21742,14328,31633,,,,,,7855,5440,10976,,6393,5831,6956,,8109,7130,9087,,26,23,30,1.66,4.8,4.5,5.1,1.32,4.7,4.4,4.9,0.74,,6,6,7,-0.51,9,5,14,8,5,10,13,9,17,6,6,7,6,5,7,14,12,16,0.32,33,31,34,0.81,7.9,0.08,31,28,34,1.54,71,0.39,18,17,18,-1.34,56,170,33,29,37,0.30,968,615.3,0.80,30,28,31,1.45,22,11,41,,,,26,17,37,35,33,37,15,12,17,13807,11,10,12,1.23,68,43,2314:1,0.80,71,45,2222:1,1.11,273,173,578:1,1.11,3175,0.20,4377,2520,3883,3814,2811,36,0.33,35,31,39,31,39,37,0.49,43,33,30,32,39,70513,97992,72,70,74,1.88,20222,41306,49,46,52,1.26,6649,61738,10.8,0.43,19,13,25,0.60,27,11,34,32,13,113952,27948,4.1,-0.99,8981,42691,21,18,25,-0.40,77,4.9,0.50,956,620,1.33,541,69,63,75,-0.34,171,100,274,76,42,127,72,44,111,48,42,54,100,88,112,14.2,0.54,Yes,0.75,24,22,26,16,14,18,9,8,10,1,0,1,0.38,75,73,77,0.18,71,60,82,71,67,76,,,,75,72,77,78,77,78,56457,39,36,43,0.48
06041,California,Marin,,1894,3555,3269,3840,-1.53,,,,,2440,1680,3427,,7411,5528,9294,,3755,3114,4396,,3393,3043,3742,,12,11,15,-1.81,3.0,2.8,3.3,-1.97,3.7,3.4,3.9,-1.71,,6,5,6,-1.32,,,,7,6,8,9,6,13,6,5,6,5,5,6,10,8,11,-1.70,23,21,24,-1.65,9.3,-1.47,17,16,19,-1.71,96,-0.94,21,21,22,0.83,18,68,26,20,33,-0.45,924,357.0,-0.56,6,5,6,-1.58,,,,,,,7,3,12,21,18,24,1,0,1,10406,5,5,6,-1.62,384,148,674:1,-2.44,315,122,817:1,-1.73,2150,835,120:1,-2.05,1690,-1.64,,1063,2443,2206,1698,42,-1.09,,39,21,29,43,50,-1.16,,52,29,42,50,178366,190503,94,93,94,-1.19,41850,52902,79,76,82,-1.58,8662,130138,6.7,-1.23,6,4,8,-1.67,32,3,3,20,3,,,,0.00,9366,51790,18,16,20,-0.87,236,9.1,-1.21,465,178,-1.62,796,61,57,66,-0.53,,,,33,23,47,94,66,130,42,34,52,66,61,72,11.2,-0.38,No,-1.32,22,21,23,19,18,20,4,4,5,1,1,2,0.05,63,61,64,-1.22,,,,67,62,71,80,57,100,67,65,69,66,64,68,127210,45,43,47,1.00
06043,California,Mariposa,,277,7490,5844,9137,0.25,,,,,,,,,,,,,,,,,,,,,18,16,20,-0.52,4.1,3.9,4.4,0.13,4.7,4.4,4.9,0.74,,7,5,8,0.06,,,,,,,,,,6,3,10,6,5,8,15,13,17,0.63,28,26,29,-0.40,7.8,0.20,22,20,24,-0.49,43,1.89,22,21,23,1.02,12,21,57,48,65,3.00,33,191.8,-1.44,20,15,26,0.18,,,,,,,,,,24,13,40,20,14,27,1190,10,8,11,0.68,6,35,2867:1,1.06,10,58,1716:1,0.63,53,309,324:1,0.47,3347,0.42,5543,,,6048,3094,34,0.80,38,,,19,34,33,1.00,42,40,,31,33,12365,13597,91,89,93,-0.81,2383,3468,69,57,80,-0.60,781,7162,10.9,0.48,19,11,26,0.54,,,,17,29,94523,22964,4.1,-0.91,1109,2841,39,26,52,2.52,17,9.9,-1.51,76,431,0.07,92,106,85,130,0.61,,,,,,,,,,,,,,,,14.8,0.72,No,-1.32,20,16,23,17,13,21,2,1,3,2,1,4,-0.62,61,55,67,-1.40,,,,,,,,,,60,41,79,66,59,73,6678,43,34,53,0.85
06045,California,Mendocino,,1347,8620,7867,9374,0.76,18357,13440,24486,,,,,,,,,,5777,4633,6920,,8562,7616,9507,,20,18,22,0.08,4.3,4.1,4.6,0.49,4.6,4.4,4.9,0.66,,7,6,7,0.00,8,6,11,12,6,17,,,,6,5,6,7,6,8,15,13,17,0.63,31,30,32,0.35,7.6,0.42,25,23,27,0.16,65,0.69,21,20,22,0.58,48,140,34,30,39,0.46,409,471.5,0.04,22,20,24,0.52,51,38,66,,,,,,,28,24,32,15,12,17,6908,11,9,12,1.03,79,91,1098:1,-0.67,74,86,1163:1,-0.39,696,809,124:1,-1.92,2468,-0.68,4158,,,2208,2475,35,0.56,31,22,42,33,35,30,1.38,27,25,16,27,31,53753,62022,87,86,88,-0.20,11581,20083,58,53,62,0.44,3292,37015,8.9,-0.33,19,12,26,0.61,30,10,,29,15,108452,22376,4.8,0.45,5431,18452,29,24,34,0.96,63,7.3,-0.46,559,640,1.47,530,122,111,132,1.01,183,128,254,,,,,,,68,54,85,140,127,154,11.4,-0.32,Yes,0.75,26,24,28,21,19,23,5,4,6,2,1,2,1.01,73,71,76,0.03,71,66,76,66,52,79,,,,73,70,77,75,72,79,36083,23,20,26,-1.00
06047,California,Merced,,2986,7372,7025,7719,0.20,,,,,5855,4745,6965,,18086,14880,21292,,6042,5638,6447,,8839,8078,9600,,27,24,30,1.86,4.8,4.5,5.1,1.45,4.6,4.3,4.9,0.62,,6,6,6,-0.72,13,6,20,6,5,7,13,10,15,6,6,6,5,5,6,14,13,16,0.46,35,33,36,1.27,7.3,0.75,32,29,35,1.85,76,0.14,17,16,18,-1.39,83,297,28,25,31,-0.28,1653,595.3,0.70,25,24,26,0.85,,,,6,5,9,28,22,35,30,28,31,16,14,18,26939,11,10,13,1.45,125,45,2221:1,0.75,130,47,2148:1,1.06,605,217,462:1,0.91,4528,1.89,2835,3880,8393,4436,4326,38,-0.15,22,27,36,36,41,42,-0.14,40,45,33,38,45,113189,162293,70,69,71,2.19,36379,73691,49,47,52,1.22,13981,114736,12.2,1.00,23,18,28,1.29,58,19,39,30,14,107374,25127,4.3,-0.62,21755,80501,27,25,29,0.57,109,3.9,0.89,1487,555,0.90,921,67,63,71,-0.39,,,,48,36,63,119,90,155,50,45,55,102,92,112,15.2,0.84,Yes,0.75,25,23,26,16,15,18,10,9,11,1,1,1,0.68,79,78,81,0.71,77,59,94,82,75,88,75,67,82,78,76,81,81,79,84,102580,31,29,33,-0.33
06049,California,Modoc,,167,10679,7844,13513,1.69,,,,,,,,,,,,,,,,,,,,,21,19,24,0.42,4.6,4.4,4.9,1.07,5.0,4.7,5.3,1.58,,8,6,10,1.04,,,,,,,,,,,,,,,,17,15,19,1.69,31,30,32,0.45,6.1,2.09,26,24,28,0.37,29,2.62,20,20,21,0.26,2,16,13,3,28,-2.07,10,113.1,-1.85,25,18,34,0.85,,,,,,,,,,,,,,,,709,11,10,13,1.49,6,68,1474:1,0.04,6,68,1461:1,0.25,29,331,302:1,0.36,3140,0.16,,,,,,34,0.80,17,,,26,35,17,3.00,9,,,13,17,5679,6707,85,79,90,0.08,1012,1975,51,42,61,1.05,270,3170,8.5,-0.48,28,17,39,2.22,49,,,16,20,90539,24047,3.8,-1.57,429,1719,25,13,37,0.24,0,0.0,2.48,45,505,0.56,58,132,100,170,1.27,,,,,,,,,,,,,,,,10.0,-0.74,No,-1.32,14,10,18,12,8,16,3,1,6,0,0,1,-2.00,74,67,82,0.13,,,,,,,,,,,,,,,,3128,23,16,31,-1.00
06051,California,Mono,,101,3315,2365,4265,-1.64,,,,,,,,,,,,,,,,,,,,,17,15,19,-0.59,3.8,3.6,4.1,-0.48,4.3,4.0,4.5,-0.25,,8,6,9,1.18,,,,,,,,,,9,6,11,7,5,9,13,11,15,-0.20,29,28,30,-0.08,7.5,0.53,22,20,25,-0.49,72,0.36,22,21,23,0.90,13,28,46,37,55,1.86,32,221.5,-1.28,15,11,21,-0.35,,,,,,,,,,,,,,,,1258,11,9,12,1.03,11,76,1313:1,-0.21,6,41,2422:1,1.25,31,213,469:1,0.92,2144,-1.08,,,,,,41,-0.86,16,47,,39,42,40,0.11,14,41,,33,42,8819,10004,88,84,92,-0.41,2340,3764,62,52,72,0.02,929,7846,11.8,0.86,10,6,13,-1.01,46,,,47,4,109191,42442,2.6,-3.00,361,2983,12,1,23,-1.84,4,2.8,1.36,37,262,-1.06,39,55,39,75,-0.71,,,,,,,,,,,,,,,,9.8,-0.81,Yes,0.75,9,5,13,9,5,12,1,0,3,0,0,1,-3.00,55,48,62,-2.09,,,,,,,,,,38,24,52,58,49,67,8095,17,9,25,-1.61
06053,California,Monterey,,3533,5292,5049,5535,-0.74,,,,,2686,2165,3207,,6610,5185,8035,,5060,4757,5363,,5876,5367,6385,,24,20,27,0.97,4.3,3.9,4.6,0.35,4.2,4.0,4.5,-0.28,,6,6,6,-0.55,,,,7,6,9,9,7,11,6,6,6,6,5,6,12,10,14,-0.60,32,31,34,0.67,8.4,-0.47,28,25,31,0.83,89,-0.54,20,19,21,-0.01,91,242,38,34,41,0.84,2425,558.7,0.50,26,25,27,1.00,,,,2,1,4,11,8,16,35,33,36,6,5,7,42273,12,11,13,1.71,284,65,1528:1,0.12,305,71,1413:1,0.17,1793,416,240:1,-0.05,3206,0.24,,2704,5350,3957,2905,37,0.09,20,35,35,32,40,45,-0.52,35,49,33,39,48,201883,276544,73,72,74,1.73,58745,118490,50,48,51,1.20,23082,213471,10.8,0.44,15,12,18,-0.07,16,3,32,22,3,147272,34774,4.2,-0.69,21302,113077,19,17,21,-0.75,229,5.3,0.35,1828,421,0.00,1247,57,54,61,-0.64,,,,35,26,46,74,55,99,43,40,47,87,80,94,7.3,-1.57,Yes,0.75,29,28,30,18,17,19,14,13,14,1,0,1,1.87,71,70,72,-0.20,66,55,78,72,68,77,77,72,81,70,68,72,74,72,75,190195,28,27,30,-0.55
06055,California,Napa,,1246,4618,4199,5036,-1.05,,,,,,,,,,,,,3650,3062,4238,,5474,4765,6182,,16,14,19,-0.81,3.5,3.3,3.8,-1.06,3.9,3.7,4.2,-1.09,,6,5,6,-1.21,,,,8,6,10,,,,6,5,6,5,5,6,11,9,13,-1.13,29,27,30,-0.18,9.1,-1.25,21,19,23,-0.92,90,-0.58,21,20,22,0.62,22,77,29,23,35,-0.21,596,432.7,-0.16,10,9,12,-0.98,,,,,,,,,,18,16,20,4,3,5,9391,9,8,10,0.08,133,97,1036:1,-0.84,129,95,1054:1,-0.72,852,627,160:1,-1.05,2347,-0.83,,1640,3415,1985,2385,35,0.56,,17,30,30,38,42,-0.14,21,37,26,29,46,83844,98006,86,85,86,-0.04,22779,34458,66,63,70,-0.35,6014,68867,8.7,-0.40,9,6,11,-1.17,24,4,9,11,4,181535,40362,4.5,-0.20,5824,28449,20,18,23,-0.49,106,7.7,-0.63,566,398,-0.15,407,58,53,64,-0.61,,,,25,14,40,,,,25,19,33,87,77,96,13.4,0.29,Yes,0.75,22,21,23,16,15,17,6,5,7,2,1,2,-0.04,75,74,76,0.20,,,,74,71,78,77,68,85,72,69,75,78,77,79,69147,34,32,36,-0.02
06057,California,Nevada,,1278,6753,6063,7443,-0.08,,,,,,,,,,,,,,,,,,,,,15,13,17,-1.29,3.7,3.4,3.9,-0.81,4.3,4.0,4.6,-0.05,,6,5,7,-0.95,,,,8,3,13,,,,6,4,8,6,5,6,12,10,15,-0.43,25,24,26,-1.02,8.0,-0.03,19,17,21,-1.35,68,0.57,23,22,24,1.58,24,70,34,28,40,0.46,223,223.5,-1.27,9,8,11,-1.12,,,,,,,,,,21,16,27,7,6,8,4976,7,6,8,-0.78,74,74,1348:1,-0.15,84,84,1186:1,-0.33,993,997,100:1,-2.82,2329,-0.85,2382,1179,,3636,2290,40,-0.62,38,46,20,36,40,45,-0.52,20,43,39,38,46,72375,76519,95,94,96,-1.32,15404,20932,74,68,79,-1.06,3702,46489,8.0,-0.71,11,6,16,-0.76,,,,17,9,139094,29344,4.7,0.25,3288,16918,19,15,24,-0.66,99,9.9,-1.53,260,264,-1.05,439,88,80,96,0.15,,,,,,,,,,58,39,84,91,82,100,7.3,-1.57,No,-1.32,20,18,22,18,16,20,2,1,3,1,1,1,-0.43,72,69,75,-0.11,,,,,,,,,,71,63,78,70,67,73,43959,31,27,34,-0.32
06059,California,Orange,,24428,4401,4319,4482,-1.15,3999,2815,5512,,2905,2760,3051,,6280,5626,6934,,4746,4608,4885,,4880,4739,5021,,17,15,20,-0.57,3.5,3.3,3.8,-1.11,3.8,3.6,4.1,-1.34,,6,6,6,-0.51,5,3,7,7,6,7,10,9,11,6,6,7,6,5,6,10,9,12,-1.31,25,24,25,-1.17,9.1,-1.25,22,20,24,-0.68,99,-1.10,18,18,19,-0.89,266,935,28,27,30,-0.22,14265,449.2,-0.08,11,11,11,-0.93,5,3,10,1,1,1,9,7,11,21,20,21,3,3,3,235378,9,8,9,0.14,3178,100,999:1,-0.95,3718,117,852:1,-1.55,10348,327,306:1,0.38,2432,-0.72,7685,2356,4011,3372,2165,40,-0.62,45,35,37,28,44,48,-0.90,37,57,30,34,47,1878164,2182856,86,,,-0.11,622228,868873,72,,,-0.87,136563,1553301,8.8,-0.37,10,8,13,-0.89,15,10,14,19,6,182134,39323,4.6,0.05,124576,696012,18,17,19,-0.90,2042,6.4,-0.12,6766,214,-1.38,7003,44,43,45,-0.98,46,28,70,24,22,25,49,41,57,32,30,33,64,62,66,11.5,-0.29,No,-1.32,27,26,27,19,19,20,9,9,9,1,1,1,1.14,76,76,76,0.35,72,68,76,75,74,76,80,77,83,76,75,77,78,77,78,1558632,42,42,43,0.73
06061,California,Placer,,3491,4579,4327,4831,-1.07,,,,,2384,1806,2961,,5585,3868,7805,,3880,3299,4462,,4910,4599,5222,,14,12,15,-1.51,3.3,3.1,3.6,-1.41,4.0,3.7,4.3,-0.87,,6,5,6,-1.09,,,,7,6,8,9,7,12,7,6,8,5,5,5,11,9,13,-1.04,25,23,26,-1.15,8.8,-0.92,18,16,19,-1.64,91,-0.64,22,21,22,0.96,47,155,30,26,34,0.00,1148,288.2,-0.93,6,6,7,-1.51,,,,,,,8,5,12,13,11,15,5,4,5,15593,5,4,5,-1.84,495,124,805:1,-1.70,418,104,964:1,-1.05,1372,340,294:1,0.31,1957,-1.31,2547,1224,979,1778,1993,47,-2.28,39,35,50,37,48,50,-1.16,29,51,35,43,50,262387,275960,95,95,96,-1.39,75118,94242,80,77,82,-1.64,13573,184892,7.3,-0.96,6,4,8,-1.60,33,6,7,13,6,179384,38266,4.7,0.15,12377,87022,14,12,16,-1.50,291,7.3,-0.47,609,162,-1.73,1094,56,52,59,-0.68,73,35,134,22,15,30,31,16,52,36,29,43,64,60,68,12.3,-0.04,No,-1.32,17,16,18,15,14,16,2,2,2,1,1,1,-1.23,77,76,78,0.46,76,65,87,76,74,79,78,70,85,79,76,82,77,76,79,180064,39,37,41,0.43
06063,California,Plumas,,340,10123,8123,12122,1.44,,,,,,,,,,,,,,,,,,,,,16,14,18,-0.96,3.9,3.6,4.1,-0.35,4.6,4.3,4.8,0.53,,9,8,11,3.00,,,,,,,,,,7,3,11,10,8,12,14,12,16,0.28,29,28,30,-0.11,8.1,-0.14,20,19,22,-0.97,92,-0.73,23,22,24,1.56,15,29,52,43,59,2.48,56,297.8,-0.88,18,13,23,-0.07,,,,,,,,,,30,17,51,14,10,20,886,7,6,8,-0.90,15,80,1254:1,-0.32,17,90,1116:1,-0.53,59,311,321:1,0.45,3502,0.61,3204,,,1665,3462,36,0.33,36,,,27,36,25,2.02,25,,,21,25,13774,14545,95,93,96,-1.34,2680,3688,73,62,83,-0.97,806,7559,10.7,0.38,18,12,25,0.51,,,,13,12,113622,24492,4.6,0.06,966,3171,30,20,41,1.13,25,13.3,-2.89,106,575,1.03,103,110,88,131,0.70,,,,,,,,,,,,,,,,14.6,0.66,Yes,0.75,17,13,20,15,12,19,1,0,2,1,0,1,-1.36,80,74,85,0.74,,,,,,,,,,59,45,74,82,76,88,7492,25,20,30,-0.86
06065,California,Riverside,,26085,6381,6270,6492,-0.25,10484,8674,12294,,3664,3344,3984,,9754,9214,10294,,5634,5491,5777,,7139,6925,7353,,22,19,25,0.55,4.1,3.8,4.4,0.04,4.2,3.9,4.5,-0.37,,7,7,7,0.12,7,5,8,8,8,8,11,11,12,6,6,7,6,6,6,13,11,14,-0.38,33,32,34,0.98,8.4,-0.47,26,24,29,0.42,91,-0.63,19,18,19,-0.79,453,1470,31,30,32,0.05,12258,496.2,0.17,17,16,17,-0.19,21,16,26,3,2,3,17,16,18,21,21,22,8,8,9,203605,10,9,10,0.66,1086,44,2275:1,0.78,1332,54,1869:1,0.80,5877,236,424:1,0.81,3313,0.38,6505,2333,5247,3680,3076,36,0.33,22,28,30,25,41,40,0.11,32,38,26,28,44,1314063,1587803,83,,,0.35,374700,654005,57,,,0.48,109998,1107723,9.9,0.09,15,12,17,-0.15,30,11,20,19,9,137609,29120,4.7,0.22,132147,612500,22,21,22,-0.31,986,4.0,0.87,6854,291,-0.86,7394,60,59,62,-0.56,115,91,143,27,23,30,72,66,78,43,41,44,89,86,91,14.3,0.57,Yes,0.75,25,25,26,19,19,20,7,7,7,1,1,1,0.80,78,77,78,0.55,74,70,79,73,71,75,77,74,80,79,78,80,77,76,77,1025471,47,47,48,1.21
06067,California,Sacramento,,17287,6667,6524,6811,-0.12,11133,8780,13485,,4328,4056,4600,,11638,11074,12201,,5736,5467,6004,,6720,6502,6938,,18,16,20,-0.39,3.9,3.7,4.2,-0.27,4.3,4.1,4.5,-0.21,,7,7,7,0.40,8,6,10,8,8,9,12,11,12,6,6,7,5,5,6,13,12,15,-0.03,28,27,29,-0.37,8.3,-0.36,24,22,26,-0.11,98,-1.03,21,21,22,0.76,208,799,26,24,28,-0.50,11076,713.6,1.32,16,15,16,-0.32,16,11,22,8,7,8,26,25,28,23,22,23,9,8,10,89530,7,6,7,-0.85,1391,90,1116:1,-0.63,1250,80,1247:1,-0.18,6526,419,239:1,-0.06,3232,0.28,4199,2670,4920,3082,3110,37,0.09,24,32,31,32,40,44,-0.40,37,48,32,40,46,917323,1043134,88,,,-0.38,300280,447540,67,,,-0.45,65558,707182,9.3,-0.18,17,14,20,0.25,34,20,28,23,12,137088,30093,4.6,-0.10,91924,362900,25,24,27,0.30,1118,7.2,-0.43,7593,508,0.59,4944,64,62,66,-0.46,93,69,123,34,31,37,92,86,99,45,42,48,79,76,82,12.8,0.11,No,-1.32,22,21,22,18,17,18,5,5,5,1,1,1,-0.07,75,75,75,0.21,76,70,82,73,72,75,72,70,74,74,73,75,76,76,77,699223,40,39,41,0.51
06069,California,San Benito,,507,5285,4640,5931,-0.75,,,,,,,,,,,,,5113,4338,5887,,5912,4551,7273,,21,18,24,0.30,3.9,3.7,4.2,-0.25,4.1,3.8,4.3,-0.71,,7,6,7,-0.20,,,,13,7,19,,,,6,5,7,7,5,8,12,10,14,-0.73,30,29,32,0.19,9.2,-1.36,25,23,28,0.23,82,-0.17,20,19,21,0.01,15,54,28,21,35,-0.30,274,436.3,-0.14,16,14,18,-0.28,,,,,,,,,,17,15,20,6,4,9,4869,9,8,10,0.21,18,29,3489:1,1.25,32,50,2002:1,0.93,82,128,781:1,1.33,2575,-0.54,,,3547,3468,1913,39,-0.38,,38,62,37,41,48,-0.90,,53,33,41,52,32735,39958,82,79,84,0.47,9526,16652,57,52,62,0.48,3119,31528,9.9,0.07,9,6,13,-1.06,8,,,18,7,154222,41396,3.7,-1.64,3067,15826,19,15,24,-0.67,26,4.1,0.81,176,299,-0.81,186,60,52,69,-0.56,,,,,,,,,,46,37,57,87,70,106,7.1,-1.63,Yes,0.75,22,20,25,15,13,17,8,6,10,1,0,1,0.10,78,75,80,0.52,,,,73,62,84,,,,75,72,79,75,71,79,28683,52,48,57,1.67
06071,California,San Bernardino,,26337,7724,7596,7851,0.36,11030,8846,13213,,4143,3788,4498,,12398,11841,12956,,6722,6562,6883,,8961,8691,9232,,24,21,26,0.94,4.2,4.0,4.5,0.33,4.3,4.0,4.5,-0.22,,8,7,8,0.96,10,8,12,7,7,8,12,12,13,7,7,7,7,6,7,13,12,15,-0.07,33,32,34,0.96,8.1,-0.14,30,27,32,1.23,82,-0.19,17,17,18,-1.42,405,1599,25,24,27,-0.58,13776,631.9,0.89,21,21,22,0.42,17,12,23,4,3,4,29,28,31,23,23,24,16,15,17,184915,10,9,11,0.68,1282,59,1701:1,0.32,1615,74,1356:1,0.06,5826,266,376:1,0.67,4002,1.23,4857,2391,5973,4244,3738,29,1.99,23,29,27,24,32,30,1.38,25,37,21,25,33,1104243,1368278,81,80,81,0.64,348699,610607,57,,,0.49,91295,966206,9.4,-0.11,20,17,22,0.75,21,12,34,23,13,126095,28385,4.4,-0.31,149805,569894,26,25,27,0.45,971,4.5,0.68,9375,442,0.14,6266,58,56,59,-0.63,85,62,113,28,24,31,81,76,87,41,40,43,89,85,92,17.6,1.58,Yes,0.75,26,26,27,19,18,19,9,9,9,1,1,1,1.06,78,78,79,0.61,71,65,77,77,76,78,78,77,80,79,78,80,80,79,80,916785,44,43,44,0.85
06073,California,San Diego,,28272,4926,4843,5009,-0.91,9738,8044,11432,,3206,3019,3393,,8457,7985,8929,,4667,4533,4802,,5050,4924,5177,,17,15,19,-0.69,3.6,3.4,3.9,-0.86,4.0,3.7,4.2,-0.97,,7,7,7,-0.06,6,5,8,8,8,8,10,9,10,6,6,6,5,5,6,11,10,13,-1.04,24,23,25,-1.27,8.8,-0.92,22,20,25,-0.49,96,-0.93,20,19,20,-0.24,351,1277,27,26,29,-0.33,22920,686.6,1.18,14,13,14,-0.58,17,13,22,2,2,3,13,12,14,21,21,22,5,5,5,247271,9,8,9,0.20,2729,82,1223:1,-0.39,3073,92,1084:1,-0.62,14690,441,227:1,-0.16,2774,-0.29,5373,2443,5193,3130,2512,37,0.09,28,31,30,28,41,43,-0.27,41,43,27,31,47,1994138,2264907,88,,,-0.40,730975,994508,74,,,-1.05,141814,1538361,9.2,-0.20,11,9,13,-0.76,22,9,28,19,8,161031,34457,4.7,0.12,151078,716061,21,20,22,-0.39,2009,6.0,0.05,10772,328,-0.62,9211,55,54,56,-0.69,108,87,132,28,25,30,69,64,75,36,35,38,74,73,76,12.9,0.14,Yes,0.75,25,25,25,20,19,20,7,7,7,1,1,1,0.76,74,74,74,0.08,71,67,74,74,73,75,72,69,75,74,74,75,74,74,75,1629725,38,38,39,0.38
06075,California,San Francisco,,7396,4811,4648,4974,-0.96,9715,6645,13715,,2708,2492,2924,,14935,13731,16138,,5951,5494,6408,,4122,3898,4346,,14,12,15,-1.48,3.0,2.8,3.2,-2.01,3.5,3.3,3.7,-2.14,,7,7,7,0.34,,,,8,7,8,14,12,15,7,6,7,6,5,6,9,8,11,-1.79,16,16,17,-3.13,8.8,-0.92,19,17,21,-1.33,100,-1.13,21,20,22,0.56,11,155,7,4,11,-2.69,9505,1078.2,3.25,7,6,7,-1.42,,,,2,1,2,16,13,18,19,18,21,1,1,2,37808,5,5,6,-1.70,1420,161,621:1,-2.83,1387,160,625:1,-3.12,8747,1009,99:1,-2.88,2695,-0.39,11097,1909,6439,2985,2552,34,0.80,13,36,22,29,35,44,-0.40,42,45,30,38,46,616833,696575,89,88,89,-0.47,302722,343208,88,87,90,-2.44,43525,556056,7.8,-0.76,9,7,12,-1.04,34,8,35,16,3,,,,0.00,25007,116658,21,20,23,-0.33,776,8.8,-1.08,6546,760,2.27,3047,69,67,72,-0.33,157,95,246,32,29,34,209,190,227,63,57,69,67,63,71,11.7,-0.22,No,-1.32,24,23,24,16,16,17,6,6,7,4,4,5,0.42,30,30,31,-4.92,30,21,38,31,30,31,35,33,37,37,36,38,30,30,31,509743,52,50,53,1.61
06077,California,San Joaquin,,9284,7768,7548,7987,0.38,9557,6657,13291,,5580,5127,6034,,14471,13374,15568,,6532,6226,6838,,8371,7949,8793,,23,20,25,0.75,4.3,4.0,4.5,0.35,4.3,4.1,4.6,-0.03,,7,7,8,0.79,6,3,9,9,8,9,13,12,14,7,6,7,6,6,7,14,12,16,0.24,32,31,33,0.62,8.2,-0.25,28,25,30,0.73,90,-0.58,20,19,20,-0.12,171,579,30,27,32,-0.10,4762,624.8,0.85,20,19,21,0.22,19,12,30,9,7,10,25,23,28,26,25,27,11,10,12,53036,8,7,9,-0.17,457,60,1668:1,0.29,450,59,1707:1,0.61,2049,267,375:1,0.67,3410,0.50,6975,2435,5497,3486,3252,36,0.33,36,32,30,30,40,45,-0.52,44,48,30,36,48,380893,475460,80,79,81,0.73,106178,203526,52,,,0.96,37374,331828,11.3,0.63,17,14,21,0.35,12,16,31,22,9,134880,28862,4.7,0.12,45122,202735,22,21,24,-0.20,352,4.6,0.61,5676,787,2.45,2593,69,66,72,-0.34,104,65,157,40,35,45,123,110,135,51,48,55,90,85,95,17.8,1.64,Yes,0.75,24,24,25,18,17,18,7,7,8,1,1,1,0.56,79,78,80,0.63,77,65,88,77,75,80,79,77,81,80,78,81,82,81,84,307317,41,40,43,0.65
06079,California,San Luis Obispo,,2733,5260,4940,5581,-0.76,,,,,3773,2670,5179,,3388,2251,4897,,4557,3971,5144,,5623,5210,6036,,16,14,18,-0.91,3.7,3.5,3.9,-0.74,4.2,3.9,4.4,-0.44,,6,6,6,-0.87,,,,9,7,11,8,4,12,6,6,7,5,5,6,12,10,14,-0.65,26,25,27,-0.76,8.7,-0.80,21,19,23,-0.87,84,-0.26,22,21,23,1.26,60,161,37,33,41,0.80,1133,400.2,-0.34,9,8,10,-1.14,,,,,,,,,,22,20,24,4,3,5,14763,7,6,8,-0.77,233,82,1215:1,-0.40,245,87,1152:1,-0.42,1870,663,151:1,-1.22,1864,-1.43,1814,429,4285,1825,1843,46,-2.04,22,45,48,44,46,51,-1.28,45,52,34,46,52,174460,189942,92,91,92,-0.94,44900,63737,70,67,73,-0.76,10195,132690,7.7,-0.82,9,6,13,-1.08,,12,23,11,6,146845,32100,4.6,-0.06,9027,49772,18,16,21,-0.87,264,9.3,-1.29,1146,408,-0.08,919,65,61,69,-0.44,,,,26,15,43,,,,38,31,44,78,72,83,8.6,-1.17,Yes,0.75,21,20,22,18,17,19,3,3,4,1,1,1,-0.20,73,71,74,-0.06,80,66,93,63,57,69,67,47,87,73,70,76,73,71,74,130088,24,22,25,-0.97
06081,California,San Mateo,,5010,3504,3354,3654,-1.55,,,,,2645,2413,2878,,8053,6747,9358,,3911,3594,4229,,3570,3326,3813,,14,12,15,-1.51,3.0,2.8,3.2,-2.02,3.4,3.2,3.7,-2.21,,7,7,7,0.06,,,,8,7,8,9,7,10,6,6,7,5,5,6,9,8,11,-1.84,21,20,21,-2.11,9.5,-1.69,18,16,19,-1.66,99,-1.06,20,20,21,0.10,38,179,21,17,25,-1.06,3189,416.0,-0.25,8,8,9,-1.25,,,,2,2,3,9,6,12,17,16,18,1,1,2,37100,6,5,6,-1.39,816,106,939:1,-1.15,800,105,948:1,-1.11,3279,432,231:1,-0.12,1753,-1.57,,1728,1842,2203,1681,43,-1.33,,37,36,35,48,50,-1.16,33,48,36,39,54,499931,552852,90,90,91,-0.73,179680,224122,80,79,82,-1.68,29748,433876,6.9,-1.15,6,4,7,-1.71,17,4,9,12,3,,,,0.00,24950,156261,16,15,17,-1.22,444,5.8,0.14,1598,209,-1.41,1503,39,37,41,-1.10,,,,23,20,25,78,62,97,34,31,38,53,49,56,10.5,-0.59,Yes,0.75,24,23,24,17,16,18,8,7,8,1,1,1,0.38,65,64,66,-0.94,63,48,78,65,64,67,66,62,71,67,65,69,69,68,70,405104,43,42,44,0.79
06083,California,Santa Barbara,,3720,5334,5087,5581,-0.72,,,,,2810,1998,3623,,7493,5689,9298,,5089,4746,5431,,5647,5232,6063,,20,17,23,0.00,3.9,3.7,4.2,-0.28,4.1,3.8,4.4,-0.58,,7,6,7,-0.13,,,,7,6,9,12,9,14,7,6,7,6,5,6,12,10,13,-0.73,27,26,29,-0.49,8.8,-0.92,24,22,27,-0.13,93,-0.78,20,19,21,0.09,61,174,35,31,39,0.54,2624,587.7,0.66,19,18,19,0.07,,,,1,1,2,8,5,11,33,32,35,3,3,4,43058,12,11,13,1.76,339,76,1317:1,-0.21,384,86,1158:1,-0.41,2622,590,170:1,-0.88,1846,-1.45,863,2104,2464,2156,1693,45,-1.81,36,40,43,41,46,48,-0.90,40,50,35,43,49,225959,276105,82,81,83,0.48,69281,110272,63,61,65,-0.05,17335,217510,8.0,-0.70,13,9,16,-0.48,23,12,16,19,5,159335,35079,4.5,-0.12,23129,98429,23,21,26,0.00,353,7.9,-0.72,1411,318,-0.69,1319,59,56,62,-0.59,100,52,175,30,21,41,78,56,107,38,34,42,83,77,88,8.6,-1.17,Yes,0.75,29,28,30,20,19,21,11,10,11,1,1,1,1.78,68,67,69,-0.58,70,59,82,64,60,69,73,66,80,66,64,67,72,70,73,208560,20,19,22,-1.27
06085,California,Santa Clara,,12066,3683,3588,3778,-1.47,6361,4431,8847,,2382,2256,2508,,7248,6456,8040,,4892,4681,5103,,4033,3851,4214,,14,13,16,-1.36,3.0,2.8,3.2,-2.08,3.4,3.1,3.6,-2.43,,7,7,7,0.29,9,5,13,8,7,8,9,8,10,6,6,7,6,5,6,9,7,10,-2.06,21,21,22,-1.94,9.3,-1.47,20,19,23,-0.97,98,-1.05,18,17,18,-1.29,147,579,25,23,28,-0.58,8143,422.4,-0.22,9,8,9,-1.22,,,,1,1,1,6,4,7,20,19,21,2,1,2,91263,6,5,6,-1.53,2036,106,947:1,-1.12,2305,121,827:1,-1.67,7599,398,251:1,0.04,2508,-0.63,10188,1997,4398,3722,2265,39,-0.38,28,36,32,29,45,50,-1.16,43,52,31,34,53,1189749,1340707,89,,,-0.50,473224,590774,80,,,-1.67,71340,1020693,7.0,-1.10,7,5,8,-1.55,15,5,12,13,2,,,,0.00,67653,421193,16,15,17,-1.20,1158,6.0,0.05,5050,264,-1.05,4003,42,40,43,-1.04,67,40,106,21,19,22,70,60,80,42,39,44,63,60,66,12.9,0.14,No,-1.32,23,22,23,16,15,16,8,8,8,1,1,1,0.19,71,71,71,-0.24,67,62,72,70,69,71,69,66,72,72,71,73,71,71,72,972577,44,43,45,0.91
06087,California,Santa Cruz,,2359,5048,4729,5367,-0.85,,,,,3819,2495,5596,,,,,,5185,4665,5705,,4914,4475,5353,,18,15,20,-0.52,3.7,3.5,4.0,-0.62,4.1,3.8,4.4,-0.61,,6,5,6,-1.04,,,,5,3,7,8,4,13,6,6,7,5,5,6,11,10,13,-0.87,29,28,31,-0.01,8.3,-0.36,22,19,24,-0.70,95,-0.87,21,20,22,0.39,30,97,31,26,36,0.07,1245,455.7,-0.04,10,9,11,-1.05,,,,,,,,,,22,20,23,2,2,2,17026,8,7,9,-0.31,282,103,969:1,-1.05,220,82,1227:1,-0.23,2345,869,115:1,-2.21,2224,-0.98,,2381,2247,2446,2183,45,-1.81,,42,37,41,46,51,-1.28,41,56,36,47,52,159224,180355,88,87,89,-0.43,46676,65350,71,68,74,-0.86,12714,133646,9.5,-0.08,11,7,14,-0.83,7,11,3,18,5,182965,35349,5.2,1.06,11268,52033,22,19,25,-0.30,198,7.2,-0.45,1120,410,-0.07,944,69,65,73,-0.34,,,,38,26,55,95,57,149,41,35,47,87,80,93,8.3,-1.26,Yes,0.75,27,26,28,21,19,22,7,7,8,1,1,1,1.21,68,67,70,-0.58,,,,65,62,68,68,54,82,70,66,73,66,64,68,132923,38,36,40,0.38
06089,California,Shasta,,3154,9500,8967,10034,1.16,14437,10457,18417,,5078,3517,7096,,12474,8416,17808,,6299,4989,7609,,9818,9204,10431,,18,16,20,-0.47,4.3,4.0,4.5,0.35,4.8,4.5,5.1,1.12,,6,6,7,-0.33,10,7,12,9,7,11,14,10,18,6,5,8,6,5,6,16,14,18,1.21,28,27,29,-0.37,7.3,0.75,22,20,24,-0.58,68,0.56,21,20,22,0.47,56,159,35,31,39,0.56,670,372.1,-0.48,20,19,22,0.25,32,23,44,12,7,19,27,18,40,17,14,21,20,18,22,11387,8,7,9,-0.20,132,73,1364:1,-0.12,144,80,1243:1,-0.19,784,438,228:1,-0.15,2563,-0.56,2568,1866,4036,3867,2518,38,-0.15,31,31,29,41,38,41,-0.02,22,40,30,38,42,115714,126966,91,90,92,-0.83,29328,43146,68,65,71,-0.53,6343,72827,8.7,-0.40,18,13,24,0.51,24,32,5,22,17,114078,23264,4.9,0.55,8553,38447,22,19,25,-0.20,147,8.2,-0.82,1304,726,2.04,942,105,98,112,0.58,148,104,205,71,45,106,84,45,144,46,34,62,112,104,120,14.8,0.72,No,-1.32,22,21,23,18,17,20,3,3,4,2,2,2,0.04,81,79,82,0.90,73,65,81,79,70,87,67,54,79,77,71,82,83,81,84,72254,17,15,19,-1.56
06091,California,Sierra,x,,,,,0.00,,,,,,,,,,,,,,,,,,,,,18,17,21,-0.32,4.2,4.0,4.5,0.31,4.7,4.5,5.0,0.93,x,10,5,14,3.00,,,,,,,,,,,,,,,,15,13,17,0.85,30,28,31,0.06,6.1,2.09,23,21,26,-0.25,7,3.00,21,20,22,0.72,1,9,11,1,33,-2.23,,,0.00,,,,0.00,,,,,,,,,,,,,,,,144,7,6,8,-0.72,1,33,3005:1,1.11,2,68,1460:1,0.25,7,240,417:1,0.80,3135,0.15,,,,,,34,0.80,,,,36,34,20,2.65,,,,19,20,2130,2302,93,89,96,-1.03,349,515,68,45,90,-0.51,103,1282,8.0,-0.68,14,8,19,-0.33,,,,11,10,112581,23417,4.8,0.38,206,444,46,21,72,3.00,0,0.0,2.48,13,422,0.01,21,141,87,216,1.52,,,,,,,,,,,,,,,,7.4,-1.54,No,-1.32,17,7,28,17,7,28,0,0,2,0,0,2,-1.18,80,71,89,0.76,,,,,,,,,,,,,,,,1240,43,27,60,0.83
06093,California,Siskiyou,,863,10618,9335,11901,1.66,,,,,,,,,,,,,8026,5453,11392,,10474,8983,11966,,19,17,21,-0.10,4.4,4.2,4.7,0.63,4.9,4.6,5.1,1.24,,9,8,10,2.14,9,5,14,14,6,22,,,,10,8,13,8,7,9,16,14,18,0.99,31,30,33,0.48,6.5,1.64,24,22,26,-0.15,69,0.50,21,20,22,0.38,17,59,29,22,36,-0.18,122,280.2,-0.97,21,18,25,0.41,31,18,51,,,,,,,32,23,42,18,15,22,2910,9,8,11,0.36,32,73,1361:1,-0.13,31,72,1395:1,0.13,209,483,207:1,-0.37,2353,-0.82,2130,1140,4370,1086,2308,38,-0.15,39,20,57,37,38,29,1.51,35,29,20,27,29,28584,31796,90,89,91,-0.66,5542,8837,63,57,69,-0.03,1637,16923,9.7,-0.02,20,12,29,0.84,18,,47,27,20,93684,20445,4.6,-0.05,2055,8777,23,19,28,-0.01,47,10.8,-1.88,149,344,-0.51,260,119,105,134,0.95,115,59,201,,,,,,,78,49,119,126,109,143,20.9,2.58,Yes,0.75,19,18,21,15,14,17,3,3,4,2,1,2,-0.67,76,74,78,0.34,82,70,94,,,,,,,73,64,81,77,73,80,15976,23,20,26,-1.04
06095,California,Solano,,5043,6402,6135,6669,-0.24,,,,,4317,3759,4875,,10131,9267,10995,,4640,4225,5056,,6940,6471,7409,,18,16,19,-0.52,3.7,3.5,3.9,-0.73,4.1,3.9,4.3,-0.70,,7,7,7,0.08,7,3,11,8,8,9,10,9,11,6,5,6,5,5,6,12,11,13,-0.65,31,30,32,0.33,8.8,-0.92,25,23,27,0.06,95,-0.89,20,20,21,0.26,62,203,31,27,34,0.02,2588,578.1,0.60,15,14,16,-0.41,,,,5,4,6,18,16,20,22,20,23,9,8,10,21935,6,5,7,-1.27,369,82,1213:1,-0.41,429,96,1042:1,-0.76,1866,418,240:1,-0.05,2861,-0.19,5207,2276,3532,2523,2932,33,1.04,24,26,33,32,37,38,0.37,38,38,28,36,42,272472,307302,89,88,89,-0.48,78642,121689,65,63,67,-0.22,19205,202812,9.5,-0.10,11,8,14,-0.80,12,7,27,15,8,154531,39267,3.9,-1.25,25508,98372,26,24,28,0.39,248,5.5,0.24,2066,476,0.37,1360,61,58,64,-0.54,79,38,145,34,28,39,87,77,96,39,34,44,77,71,83,12.9,0.14,No,-1.32,21,20,22,16,15,17,5,5,6,1,1,1,-0.25,76,75,77,0.31,84,73,94,74,72,77,78,74,81,78,76,80,79,78,80,207283,44,43,46,0.93
06097,California,Sonoma,,4969,5097,4865,5329,-0.83,9434,6607,13061,,3060,2316,3803,,8330,6388,10271,,4062,3697,4426,,5464,5138,5790,,16,14,18,-0.99,3.6,3.3,3.8,-0.93,4.1,3.8,4.3,-0.69,,6,6,6,-1.01,11,7,14,7,6,9,7,5,9,6,6,7,5,5,5,11,10,13,-0.87,27,26,28,-0.54,8.9,-1.03,19,17,21,-1.23,91,-0.66,21,21,22,0.84,64,195,33,29,36,0.29,2003,405.2,-0.31,10,9,10,-1.07,15,8,25,2,1,4,8,5,13,18,17,19,3,3,4,30207,8,7,9,-0.37,506,102,977:1,-1.02,466,95,1051:1,-0.73,2526,516,194:1,-0.52,2466,-0.68,5413,1576,3121,2433,2461,42,-1.09,42,37,26,38,43,46,-0.65,21,42,29,33,47,320080,359119,89,89,90,-0.55,86142,126417,68,66,70,-0.55,19300,245091,7.9,-0.74,9,6,11,-1.18,8,7,12,16,6,160593,37207,4.3,-0.54,19903,97012,21,19,22,-0.48,344,7.0,-0.33,1845,368,-0.35,1500,60,57,63,-0.56,101,63,153,28,20,39,56,38,80,33,29,37,72,68,76,8.4,-1.23,Yes,0.75,23,22,23,18,17,19,5,5,6,1,1,1,0.13,74,73,75,0.13,67,59,75,74,71,78,51,43,59,72,70,75,76,75,77,248048,31,30,33,-0.26
06099,California,Stanislaus,,6919,7821,7565,8077,0.40,16908,11638,23744,,5381,4549,6213,,12865,11071,14659,,6394,6058,6730,,9006,8560,9452,,24,21,27,1.04,4.4,4.2,4.7,0.63,4.5,4.2,4.7,0.30,,6,6,7,-0.38,9,5,12,9,8,10,9,7,10,6,6,6,6,6,6,14,13,16,0.37,31,30,32,0.35,8.2,-0.25,31,28,33,1.45,92,-0.73,19,19,20,-0.28,119,386,31,28,33,0.05,3228,586.2,0.65,22,22,23,0.54,34,22,51,7,5,9,26,21,31,27,26,28,15,14,17,39386,8,8,9,-0.07,366,66,1505:1,0.09,371,67,1483:1,0.29,1307,238,421:1,0.81,4171,1.44,3464,3467,6876,3887,4217,38,-0.15,35,32,39,31,41,43,-0.27,37,50,32,38,45,276237,346363,80,79,80,0.78,80324,148764,54,52,56,0.79,25756,240641,10.7,0.40,17,13,21,0.30,17,19,16,20,14,120841,27765,4.4,-0.47,32995,147820,22,21,24,-0.19,303,5.5,0.26,3096,578,1.05,1702,62,59,65,-0.52,103,61,162,40,32,51,86,68,108,43,39,47,84,79,90,17.3,1.49,Yes,0.75,23,22,24,17,16,18,7,6,7,1,1,1,0.26,81,79,82,0.86,87,76,98,82,78,86,82,75,89,80,79,82,82,82,83,223721,37,35,38,0.21
06101,California,Sutter,,1162,7515,6900,8130,0.26,,,,,5031,3757,6304,,,,,,4960,4082,5837,,10066,8974,11158,,22,20,25,0.60,4.4,4.1,4.6,0.56,4.5,4.3,4.8,0.42,,7,6,7,0.08,,,,10,8,11,8,4,12,7,6,8,6,5,7,15,13,16,0.59,29,28,30,-0.06,7.4,0.64,29,27,31,1.07,78,0.02,19,18,19,-0.79,30,100,30,25,35,-0.04,374,385.7,-0.41,19,17,20,0.07,,,,,,,,,,23,20,26,18,15,20,7213,9,8,10,0.19,77,79,1259:1,-0.31,79,82,1220:1,-0.24,360,374,268:1,0.16,3042,0.04,2345,2414,4621,2702,3168,38,-0.15,31,26,37,35,41,49,-1.03,52,50,36,44,51,50358,63082,80,78,82,0.77,15442,25351,61,57,65,0.14,4995,45467,11.0,0.51,16,10,22,0.14,10,15,3,22,14,121845,29158,4.2,-0.80,6011,24963,24,21,28,0.10,59,6.1,0.02,338,352,-0.46,329,68,61,75,-0.36,,,,45,32,62,,,,38,29,49,97,84,110,10.3,-0.65,Yes,0.75,19,17,21,13,12,15,6,5,8,1,1,1,-0.72,78,76,80,0.59,,,,74,68,81,,,,79,75,83,82,80,85,39908,35,32,38,0.10
06103,California,Tehama,,1098,9623,8725,10521,1.21,,,,,,,,,,,,,6473,5105,7842,,10906,9676,12136,,23,21,25,0.77,4.8,4.6,5.1,1.41,5.0,4.7,5.3,1.55,,6,5,7,-0.69,,,,11,5,17,,,,6,5,7,6,5,7,17,15,19,1.43,35,34,36,1.40,6.7,1.42,29,26,31,0.97,51,1.46,20,19,20,-0.24,36,92,39,34,44,1.02,212,325.7,-0.73,26,24,29,1.03,,,,,,,,,,32,27,37,24,21,28,4448,9,7,10,0.08,32,49,2034:1,0.62,39,60,1654:1,0.55,114,177,566:1,1.10,3731,0.90,6098,,,4979,3590,41,-0.86,42,34,42,39,41,34,0.87,36,25,19,31,34,37934,44175,86,84,87,-0.09,8994,15019,60,54,66,0.23,2262,25579,8.8,-0.35,17,10,24,0.32,33,15,,36,19,99264,20188,4.9,0.58,3629,15176,24,19,29,0.07,35,5.4,0.31,341,540,0.80,317,99,88,110,0.43,,,,,,,,,,52,38,71,119,104,133,10.6,-0.56,Yes,0.75,23,21,26,18,16,21,5,4,7,1,1,2,0.30,82,79,84,0.97,,,,,,,,,,80,75,86,80,77,83,24149,32,28,37,-0.17
06105,California,Trinity,,283,14307,11134,17481,3.00,,,,,,,,,,,,,,,,,,,,,20,18,22,-0.02,4.6,4.3,4.8,0.98,5.1,4.8,5.3,1.73,,6,4,8,-1.02,,,,,,,,,,,,,,,,17,15,20,1.78,30,29,31,0.16,7.0,1.08,25,22,27,0.04,86,-0.38,21,20,22,0.50,13,37,35,27,44,0.55,24,195.4,-1.42,25,19,33,0.93,,,,,,,,,,33,16,62,25,18,34,867,10,9,12,0.79,4,33,3071:1,1.13,6,49,2036:1,0.96,53,434,230:1,-0.13,1784,-1.53,2525,,,,1756,39,-0.38,19,23,,26,40,37,0.49,23,37,23,34,38,9039,9716,93,91,95,-1.10,1509,2579,59,47,70,0.36,360,4515,8.0,-0.70,26,16,37,1.92,,53,2,51,30,80891,16818,4.8,0.38,894,2156,41,25,58,2.91,8,6.5,-0.15,50,380,-0.27,112,179,146,212,2.49,,,,,,,,,,,,,,,,11.3,-0.35,Yes,0.75,20,16,24,16,12,20,3,1,4,2,1,4,-0.48,70,63,76,-0.42,,,,,,,,,,,,,,,,4025,31,23,40,-0.27
06107,California,Tulare,,5089,7364,7094,7633,0.19,12685,9021,17341,,5254,4141,6367,,13279,10230,16327,,6445,6132,6759,,8767,8177,9356,,28,25,31,2.06,5.0,4.7,5.3,1.80,4.7,4.4,5.0,0.86,,7,7,7,0.29,7,5,10,8,7,10,12,10,15,7,7,7,7,6,7,15,13,17,0.68,36,34,37,1.54,7.3,0.75,33,30,36,1.95,69,0.53,16,15,17,-2.40,141,388,36,34,39,0.69,3459,742.0,1.47,30,29,31,1.54,50,37,66,14,10,19,29,22,38,32,31,33,24,22,26,38062,10,9,10,0.49,202,43,2308:1,0.80,260,55,1803:1,0.73,1407,300,333:1,0.51,3428,0.52,2908,2355,3639,3490,3430,37,0.09,28,33,32,33,40,43,-0.27,33,47,34,37,47,197252,274201,72,71,73,1.88,61271,124822,49,47,51,1.25,26299,199151,13.2,1.41,23,18,28,1.33,48,24,35,34,13,106731,22602,4.7,0.22,37031,142494,26,24,28,0.40,216,4.6,0.61,1756,382,-0.26,1361,59,55,62,-0.61,113,70,173,26,16,39,114,81,155,46,43,50,86,79,93,17.0,1.39,Yes,0.75,27,25,28,18,17,19,10,9,10,1,1,1,1.13,79,78,80,0.65,69,61,77,80,74,86,80,58,100,78,76,79,82,80,84,179001,25,23,26,-0.89
06109,California,Tuolumne,,912,8067,7094,9041,0.51,,,,,,,,,,,,,5433,3610,7852,,8820,7637,10003,,18,16,20,-0.47,4.0,3.8,4.3,-0.07,4.6,4.3,4.8,0.53,,7,6,8,0.01,,,,,,,,,,6,4,8,7,6,8,15,13,17,0.72,28,27,29,-0.32,7.8,0.20,23,21,25,-0.39,74,0.25,23,22,24,1.46,19,54,35,28,42,0.56,146,268.0,-1.03,14,12,17,-0.52,,,,,,,,,,18,12,26,13,11,17,2498,7,6,8,-0.88,38,70,1434:1,-0.01,66,121,826:1,-1.68,125,229,436:1,0.85,2127,-1.10,,,,1795,2141,43,-1.33,36,38,,38,44,43,-0.27,51,33,,43,43,37688,41417,91,89,93,-0.81,7526,12219,62,56,68,0.07,2084,20038,10.4,0.28,13,8,19,-0.35,59,,,19,8,119346,24991,4.8,0.32,2039,8948,23,16,29,-0.11,49,9.0,-1.16,169,316,-0.70,251,92,81,104,0.26,,,,,,,,,,29,14,54,106,92,119,14.9,0.75,Yes,0.75,20,17,22,16,13,18,3,2,4,2,1,2,-0.63,80,79,82,0.84,78,59,98,,,,,,,80,69,90,80,72,89,20018,28,23,32,-0.62
06111,California,Ventura,,6901,4737,4567,4908,-0.99,,,,,2629,2208,3050,,6146,4836,7456,,4708,4461,4956,,4970,4696,5244,,18,15,20,-0.47,3.6,3.4,3.9,-0.85,3.9,3.6,4.2,-1.03,,6,6,6,-0.70,9,4,14,9,8,9,9,7,11,6,6,6,5,5,6,11,9,12,-1.22,28,26,29,-0.44,9.1,-1.25,22,20,24,-0.63,97,-0.95,19,19,20,-0.35,102,262,39,36,42,0.99,3392,400.9,-0.33,14,14,15,-0.47,,,,1,1,2,7,5,10,24,23,25,3,3,4,72745,10,10,11,0.91,675,80,1253:1,-0.32,794,94,1060:1,-0.70,3645,433,231:1,-0.13,2973,-0.05,,2184,3747,3243,2959,38,-0.15,14,37,37,33,40,48,-0.90,32,48,32,41,50,490833,573094,86,85,86,-0.06,143391,218514,66,64,67,-0.31,34964,408867,8.6,-0.47,12,9,14,-0.64,43,5,12,17,6,169880,39264,4.3,-0.52,35253,193465,18,17,20,-0.85,529,6.3,-0.05,2042,240,-1.20,2305,54,52,57,-0.71,96,55,156,27,22,33,48,35,64,40,37,43,72,68,76,10.2,-0.68,Yes,0.75,23,23,24,18,17,18,7,6,7,1,1,1,0.32,78,77,78,0.53,67,58,75,76,74,78,82,78,86,76,75,78,77,76,78,404157,34,33,34,-0.06
06113,California,Yolo,,1717,4742,4425,5060,-0.99,,,,,2242,1689,2918,,8368,6250,10974,,4760,4199,5322,,5062,4596,5528,,19,17,21,-0.17,3.9,3.7,4.1,-0.34,4.2,3.9,4.4,-0.48,,6,5,6,-1.02,,,,7,6,8,7,5,10,6,5,7,5,5,6,12,11,14,-0.51,30,29,31,0.14,8.5,-0.58,24,22,26,-0.11,94,-0.82,18,17,19,-1.08,40,139,29,24,33,-0.18,1154,523.4,0.32,7,7,8,-1.37,25,12,44,,,,11,7,16,16,14,17,4,3,4,12146,7,6,8,-0.94,273,124,808:1,-1.68,140,64,1569:1,0.43,863,393,255:1,0.06,2420,-0.74,,1946,2776,2370,2463,39,-0.38,40,32,26,34,42,51,-1.28,44,51,34,45,53,112513,128637,87,87,88,-0.31,39865,55639,72,69,75,-0.88,7915,105026,7.5,-0.88,11,7,15,-0.71,43,22,38,20,6,153855,26169,5.9,2.37,9355,45613,21,18,23,-0.48,145,6.6,-0.18,698,332,-0.59,533,49,45,53,-0.86,,,,18,12,25,57,34,88,42,35,48,63,56,70,12.9,0.14,Yes,0.75,24,23,25,19,18,21,6,5,6,1,1,2,0.47,68,66,69,-0.63,,,,65,61,69,79,72,86,74,71,76,72,70,74,98248,32,30,34,-0.19
06115,California,Yuba,,1140,9163,8420,9906,1.01,,,,,6750,4675,9433,,8744,5762,12722,,6509,5309,7709,,10717,9614,11819,,21,19,23,0.32,4.4,4.2,4.6,0.59,4.6,4.4,4.9,0.71,,7,6,7,0.08,10,5,16,10,8,12,10,7,13,6,5,7,6,5,7,15,13,17,0.63,31,30,32,0.48,7.2,0.86,25,23,27,0.20,76,0.15,19,19,20,-0.33,21,71,30,23,36,-0.09,384,488.1,0.13,27,24,29,1.09,,,,14,9,22,24,15,36,27,23,31,26,23,30,5424,8,7,9,-0.21,17,22,4628:1,1.47,25,31,3206:1,1.62,191,238,420:1,0.80,4100,1.36,2323,1034,2303,1818,4559,35,0.56,20,30,44,33,36,42,-0.14,47,40,27,42,42,40218,48942,82,80,84,0.43,13975,22230,63,58,67,-0.05,3163,30042,10.5,0.33,19,13,25,0.67,25,48,2,27,8,109992,24443,4.5,-0.20,4609,21325,22,17,26,-0.30,33,4.2,0.78,307,414,-0.05,331,85,76,94,0.07,,,,49,27,81,97,58,153,48,36,63,108,94,121,13.0,0.17,No,-1.32,23,21,25,16,14,18,7,6,9,2,1,2,0.22,80,78,82,0.78,,,,66,47,86,87,77,97,79,77,81,79,74,83,30960,46,42,51,1.11
